{"name":"7390ab15-6722-4a9c-a9cc-1a6ce3bfb4cf","id":"/providers/Microsoft.Flow/flows/7390ab15-6722-4a9c-a9cc-1a6ce3bfb4cf","type":"Microsoft.Flow/flows","properties":{"apiId":"/providers/Microsoft.PowerApps/apis/shared_logicflows","displayName":"Submit an Expense No IVs","definition":{"metadata":{"workflowEntityId":null,"creator":{"id":"8c2a9d40-5de1-4d2d-b883-8423b103f9f7","type":"User","tenantId":"213b22cd-d6b7-48b3-bb23-decd68521256"},"provisioningMethod":"FromDefinition","failureAlertSubscription":true,"clientLastModifiedTime":"2019-05-08T20:00:42.0595547Z"},"$schema":"https://schema.management.azure.com/providers/Microsoft.Logic/schemas/2016-06-01/workflowdefinition.json#","contentVersion":"1.0.0.0","parameters":{"$connections":{"defaultValue":{},"type":"Object"},"$authentication":{"defaultValue":{},"type":"SecureObject"}},"triggers":{"When_an_intent_is_used":{"metadata":{"flowSystemMetadata":{"swaggerOperationId":"WebHookRegistrations_Post"}},"type":"ApiConnectionWebhook","inputs":{"host":{"connection":{"name":"@parameters('$connections')['shared_bizzy']['connectionId']"},"api":{"runtimeUrl":"https://flow-apim-msmanaged-na-westus2-01.azure-apim.net/apim/bizzy"}},"body":{"webHookUri":"@{listCallbackUrl()}","triggerDescription":"Submit an expense receipt","triggerType":"Personal","keywords":"submit expense","luisApiKey":"fc26118efb814f0c88fb49b522b74070","luisAppId":"2b48b117-b824-41d7-a98e-70d12c963ac8","luisIntent":"Submit an expense"},"path":"/api/triggers/webhooks/register","authentication":"@parameters('$authentication')"}}},"actions":{"Get_response_from_User:_Upload_photo_of_receipt":{"runAfter":{"Send_reply:_confirm_receipt_of_request":["Succeeded"]},"metadata":{"flowSystemMetadata":{"swaggerOperationId":"WebHookRegistrations_InputResponse"}},"type":"ApiConnectionWebhook","inputs":{"host":{"connection":{"name":"@parameters('$connections')['shared_bizzy']['connectionId']"},"api":{"runtimeUrl":"https://flow-apim-msmanaged-na-westus2-01.azure-apim.net/apim/bizzy"}},"body":{"webHookUri":"@{listCallbackUrl()}","message":"One last thing: please upload a photo of the receipt by snapping a picture on your phone.","activityJson":"@triggerBody()?['replyActivity']"},"path":"/api/triggers/webhooks/registerResponse","authentication":"@parameters('$authentication')"},"description":"This step asks the user to submit a photo of the receipt as proof of purchase."},"Send_reply:_Received":{"runAfter":{"Condition":["Succeeded"]},"metadata":{"flowSystemMetadata":{"swaggerOperationId":"SendReply"}},"type":"ApiConnection","inputs":{"host":{"connection":{"name":"@parameters('$connections')['shared_bizzy']['connectionId']"},"api":{"runtimeUrl":"https://flow-apim-msmanaged-na-westus2-01.azure-apim.net/apim/bizzy"}},"method":"post","body":{"message":"Got it, thanks @{body('Get_user_profile:_Pull_requesting_user''s_data_from_AAD')?['givenName']}.","activityJson":"@triggerBody()?['replyActivity']"},"path":"/api/triggers/bot/reply","authentication":"@parameters('$authentication')"},"description":"This is confirmation to the user that the photo was accepted. For simplicity, this comes after the upload so it won't show if the upload fails. Easily changed, though."},"Send_reply:_Confirmation":{"runAfter":{"Send_reply:_Received":["Succeeded"]},"metadata":{"flowSystemMetadata":{"swaggerOperationId":"SendReply"}},"type":"ApiConnection","inputs":{"host":{"connection":{"name":"@parameters('$connections')['shared_bizzy']['connectionId']"},"api":{"runtimeUrl":"https://flow-apim-msmanaged-na-westus2-01.azure-apim.net/apim/bizzy"}},"method":"post","body":{"message":"Alright, I finished uploading your receipt. If you need to access it later, it's <a href=\"https://mobileentree.sharepoint.com/sites/Demos/Expenses\">here</a>.","activityJson":"@triggerBody()?['replyActivity']"},"path":"/api/triggers/bot/reply","authentication":"@parameters('$authentication')"},"description":"This sends a confirmation to the requestor that the file was uploaded, with a link to see it later. After this step would be a good spot to include any sort of necessary approval."},"Send_reply:_Farewell":{"runAfter":{"Send_reply:_Confirmation":["Succeeded"]},"metadata":{"flowSystemMetadata":{"swaggerOperationId":"SendReply"}},"type":"ApiConnection","inputs":{"host":{"connection":{"name":"@parameters('$connections')['shared_bizzy']['connectionId']"},"api":{"runtimeUrl":"https://flow-apim-msmanaged-na-westus2-01.azure-apim.net/apim/bizzy"}},"method":"post","body":{"message":"If you need anything else, don't hesitate to let me know. Have a good day @{body('Get_user_profile:_Pull_requesting_user''s_data_from_AAD')?['givenName']}!","activityJson":"@triggerBody()?['replyActivity']"},"path":"/api/triggers/bot/reply","authentication":"@parameters('$authentication')"},"description":"Best practice suggests finish an operation with a thank you and best wishes, hence this last step."},"Send_reply:_confirm_receipt_of_request":{"runAfter":{"Set_variable:_Expense_Date":["Succeeded"]},"metadata":{"flowSystemMetadata":{"swaggerOperationId":"SendReply"}},"type":"ApiConnection","inputs":{"host":{"connection":{"name":"@parameters('$connections')['shared_bizzy']['connectionId']"},"api":{"runtimeUrl":"https://flow-apim-msmanaged-na-westus2-01.azure-apim.net/apim/bizzy"}},"method":"post","body":{"message":"Thanks @{body('Get_user_profile:_Pull_requesting_user''s_data_from_AAD')?['givenName']}. I've filed your expense as \"@{variables('Expense item')}\" and you're requesting reimbursment for $@{variables('Expense cost')}.","activityJson":"@triggerBody()?['replyActivity']"},"path":"/api/triggers/bot/reply","authentication":"@parameters('$authentication')"},"description":"This step confirms with the user what they purchased and how much they're requesting reimbursement."},"Get_user_profile:_Pull_requesting_user's_data_from_AAD":{"runAfter":{},"metadata":{"flowSystemMetadata":{"swaggerOperationId":"UserProfile_V2"}},"type":"ApiConnection","inputs":{"host":{"connection":{"name":"@parameters('$connections')['shared_office365users']['connectionId']"},"api":{"runtimeUrl":"https://flow-apim-msmanaged-na-eastus2-01.azure-apim.net/apim/office365users"}},"method":"get","path":"/codeless/v1.0/users/@{encodeURIComponent(triggerBody()?['triggeredBy'])}","authentication":"@parameters('$authentication')"},"description":"This step gets information about the requesting user from Active Directory, like their office location, manager, etc. if it's filled out in AAD."},"Condition":{"actions":{},"runAfter":{"Get_response_from_User:_Upload_photo_of_receipt":["Succeeded"]},"else":{"actions":{"Apply_to_each":{"foreach":"@body('Get_response_from_User:_Upload_photo_of_receipt')?['files']","actions":{"Create_file:_Upload_Receipt":{"runAfter":{},"metadata":{"flowSystemMetadata":{"swaggerOperationId":"CreateFile"}},"type":"ApiConnection","inputs":{"host":{"connection":{"name":"@parameters('$connections')['shared_sharepointonline']['connectionId']"},"api":{"runtimeUrl":"https://flow-apim-msmanaged-na-northcentralus-01.azure-apim.net/apim/sharepointonline"}},"method":"post","body":"@base64ToBinary(items('Apply_to_each')?['bytes'])","path":"/datasets/@{encodeURIComponent(encodeURIComponent('https://mobileentree.sharepoint.com/sites/Demos'))}/files","queries":{"folderPath":"/Expenses","name":"@{concat(utcNow())}.png","queryParametersSingleEncoded":true},"authentication":"@parameters('$authentication')"},"description":"This step uploads the photo to an existing SharePoint library. The library requires certain columns/metadata to work correctly. This step can be replaced by connecting to any other file/database service."},"Update_file_properties:_Apply_Metadata_to_Receipt":{"runAfter":{"Create_file:_Upload_Receipt":["Succeeded"]},"metadata":{"flowSystemMetadata":{"swaggerOperationId":"PatchFileItem"}},"type":"ApiConnection","inputs":{"host":{"connection":{"name":"@parameters('$connections')['shared_sharepointonline']['connectionId']"},"api":{"runtimeUrl":"https://flow-apim-msmanaged-na-northcentralus-01.azure-apim.net/apim/sharepointonline"}},"method":"patch","body":{"Title":"@variables('Expense item')","Date":"@variables('Expense date')","Cost":"@variables('Expense cost')"},"path":"/datasets/@{encodeURIComponent(encodeURIComponent('https://mobileentree.sharepoint.com/sites/Demos'))}/tables/@{encodeURIComponent(encodeURIComponent('3a8f0adc-a579-430f-bcc4-404bd60f2b62'))}/items/@{encodeURIComponent(body('Create_file:_Upload_Receipt')?['ItemId'])}/patchfileitem","authentication":"@parameters('$authentication')"},"description":"The file upload step cannot set values to the metadata, so this step does. It applies the expense item (description), the cost, and the date. Uploader is automatically applied."}},"runAfter":{},"type":"Foreach"}}},"expression":{"equals":[1,1]},"type":"If","description":"There is no OOTB way to disable a single step in Flow. Change the value of \"is equal to\" below to \"is not equal to\" to enable this step. If you enable this step, you will need a SharePoint library connected. See Read Me file for details on creating."},"Get_response_from_User:_Expense_Item":{"runAfter":{"Initialize_variable:_Expense_Date":["Succeeded"]},"metadata":{"flowSystemMetadata":{"swaggerOperationId":"WebHookRegistrations_InputResponse"}},"type":"ApiConnectionWebhook","inputs":{"host":{"connection":{"name":"@parameters('$connections')['shared_bizzy']['connectionId']"},"api":{"runtimeUrl":"https://flow-apim-msmanaged-na-westus2-01.azure-apim.net/apim/bizzy"}},"body":{"webHookUri":"@{listCallbackUrl()}","message":"I'm happy to help you with that, @{body('Get_user_profile:_Pull_requesting_user''s_data_from_AAD')?['givenName']}. First, what did you purchase?","activityJson":"@triggerBody()?['replyActivity']","acceptResponseFrom":"Original User"},"path":"/api/triggers/webhooks/registerResponse","authentication":"@parameters('$authentication')"},"description":"This step asks the user for the title of the item they purchased."},"Get_response_from_User:_Expense_Cost":{"runAfter":{"Set_variable:_Expense_Item":["Succeeded"]},"metadata":{"flowSystemMetadata":{"swaggerOperationId":"WebHookRegistrations_InputResponse"}},"type":"ApiConnectionWebhook","inputs":{"host":{"connection":{"name":"@parameters('$connections')['shared_bizzy']['connectionId']"},"api":{"runtimeUrl":"https://flow-apim-msmanaged-na-westus2-01.azure-apim.net/apim/bizzy"}},"body":{"webHookUri":"@{listCallbackUrl()}","message":"Great, and how much did that cost?","activityJson":"@triggerBody()?['replyActivity']","acceptResponseFrom":"Original User"},"path":"/api/triggers/webhooks/registerResponse","authentication":"@parameters('$authentication')"},"description":"This step asks the user for the cost of the item they purchased."},"Get_datetime_response_from_User:_Expense_Date":{"runAfter":{"Set_variable:_Expense_Cost":["Succeeded"]},"metadata":{"flowSystemMetadata":{"swaggerOperationId":"WebHookRegistrations_InputResponse_DATE"}},"type":"ApiConnectionWebhook","inputs":{"host":{"connection":{"name":"@parameters('$connections')['shared_bizzy']['connectionId']"},"api":{"runtimeUrl":"https://flow-apim-msmanaged-na-westus2-01.azure-apim.net/apim/bizzy"}},"body":{"webHookUri":"@{listCallbackUrl()}","dateScope":"Date Only","message":"And finally, when did you make this purchase?","activityJson":"@triggerBody()?['replyActivity']","acceptResponseFrom":"Original User"},"path":"/api/triggers/webhooks/registerResponse_Date","authentication":"@parameters('$authentication')"}},"Initialize_variable:_Expense_Cost":{"runAfter":{"Initialize_variable:_Expense_Item":["Succeeded"]},"type":"InitializeVariable","inputs":{"variables":[{"name":"Expense cost","type":"String"}]},"description":"This variable keeps the value of the expense cost handy and formatted correctly."},"Initialize_variable:_Expense_Item":{"runAfter":{"Get_user_profile:_Pull_requesting_user's_data_from_AAD":["Succeeded"]},"type":"InitializeVariable","inputs":{"variables":[{"name":"Expense item","type":"String"}]},"description":"This variable keeps the name of the expensed item handy."},"Initialize_variable:_Expense_Date":{"runAfter":{"Initialize_variable:_Expense_Cost":["Succeeded"]},"type":"InitializeVariable","inputs":{"variables":[{"name":"Expense date","type":"String"}]},"description":"This variable keeps the name of the expensed item handy."},"Set_variable:_Expense_Item":{"runAfter":{"Get_response_from_User:_Expense_Item":["Succeeded"]},"type":"SetVariable","inputs":{"name":"Expense item","value":"@body('Get_response_from_User:_Expense_Item')?['text']"},"description":"This step updates the value of the variable based on the user's response."},"Set_variable:_Expense_Date":{"runAfter":{"Get_datetime_response_from_User:_Expense_Date":["Succeeded"]},"type":"SetVariable","inputs":{"name":"Expense date","value":"@body('Get_datetime_response_from_User:_Expense_Date')?['text']"},"description":"This step updates the value of the variable based on the user's response."},"Set_variable:_Expense_Cost":{"runAfter":{"Get_response_from_User:_Expense_Cost":["Succeeded"]},"type":"SetVariable","inputs":{"name":"Expense cost","value":"@body('Get_response_from_User:_Expense_Cost')?['text']"},"description":"This step assigns the variable the value of the cost that was passed from the LUIS Intent Vector."}},"outputs":{}},"connectionReferences":{"shared_bizzy":{"connectionName":"shared-bizzy-6cbe6223-9e0f-42f2-b2af-af715a35cd80","source":"Embedded","id":"/providers/Microsoft.PowerApps/apis/shared_bizzy","tier":"NotSpecified"},"shared_office365users":{"connectionName":"shared-office365user-c3152ffd-e006-4b48-a18e-0234610592ec","source":"Embedded","id":"/providers/Microsoft.PowerApps/apis/shared_office365users","tier":"NotSpecified"},"shared_sharepointonline":{"connectionName":"9a034d23333b765415872e2b3daf4274","source":"Embedded","id":"/providers/Microsoft.PowerApps/apis/shared_sharepointonline","tier":"NotSpecified"}},"flowFailureAlertSubscribed":false}}