{"name":"841b9e17-0cb4-49da-b022-b73c1d67c982","id":"/providers/Microsoft.Flow/flows/841b9e17-0cb4-49da-b022-b73c1d67c982","type":"Microsoft.Flow/flows","properties":{"apiId":"/providers/Microsoft.PowerApps/apis/shared_logicflows","displayName":"Ask IT: Troubleshoot Printer Connection","definition":{"metadata":{"workflowEntityId":null,"creator":{"id":"8c2a9d40-5de1-4d2d-b883-8423b103f9f7","type":"User","tenantId":"213b22cd-d6b7-48b3-bb23-decd68521256"},"provisioningMethod":"FromDefinition","failureAlertSubscription":true,"clientLastModifiedTime":"2019-05-15T16:09:17.6176035Z"},"$schema":"https://schema.management.azure.com/providers/Microsoft.Logic/schemas/2016-06-01/workflowdefinition.json#","contentVersion":"1.0.0.0","parameters":{"$connections":{"defaultValue":{},"type":"Object"},"$authentication":{"defaultValue":{},"type":"SecureObject"}},"triggers":{"When_a_registered_intent_is_used":{"metadata":{"flowSystemMetadata":{"swaggerOperationId":"WebHookRegistrationsVector_Post"}},"type":"ApiConnectionWebhook","inputs":{"host":{"connection":{"name":"@parameters('$connections')['shared_bizzy']['connectionId']"},"api":{"runtimeUrl":"https://flow-apim-msmanaged-na-westus2-01.azure-apim.net/apim/bizzy"}},"body":{"webHookUri":"@{listCallbackUrl()}","triggerDescription":"Connect to a printer demo","triggerType":"Shared","intentVector":"e015ac46-8566-4095-af44-41ecb7d1b8d8"},"path":"/api/triggers/webhooks/registerVector","authentication":"@parameters('$authentication')"},"description":"This trigger requires a LUIS Intent Vector be set up in the AtBot Admin Portal for it to run. Documentation: https://admin.atbot.io/Docs/AI/LuisIntentVectors"}},"actions":{"Send_reply:_Greeting":{"runAfter":{"Switch:_Set_printer_variable":["Succeeded"]},"metadata":{"flowSystemMetadata":{"swaggerOperationId":"SendReply"}},"type":"ApiConnection","inputs":{"host":{"connection":{"name":"@parameters('$connections')['shared_bizzy']['connectionId']"},"api":{"runtimeUrl":"https://flow-apim-msmanaged-na-westus2-01.azure-apim.net/apim/bizzy"}},"method":"post","body":{"message":"Great, thanks @{body('Get_user_profile_(V2):_Pull_requesting_user''s_data_from_AAD')?['givenName']}. I'm happy to help you get connected to one of the network printers.","activityJson":"@triggerBody()?['replyActivity']"},"path":"/api/triggers/bot/reply","authentication":"@parameters('$authentication')"},"description":"A context-specific greeting that's friendly and doesn't assume too much, since the LUIS Intent Vector could have already engaged the user."},"Get_choice_response_from_User:_Get_location_of_printer":{"runAfter":{"Send_reply:_Greeting":["Succeeded"]},"metadata":{"flowSystemMetadata":{"swaggerOperationId":"WebHookRegistrations_InputResponse_CHOICE"}},"type":"ApiConnectionWebhook","inputs":{"host":{"connection":{"name":"@parameters('$connections')['shared_bizzy']['connectionId']"},"api":{"runtimeUrl":"https://flow-apim-msmanaged-na-westus2-01.azure-apim.net/apim/bizzy"}},"body":{"webHookUri":"@{listCallbackUrl()}","message":"It looks like you work from the @{body('Get_user_profile_(V2):_Pull_requesting_user''s_data_from_AAD')?['officeLocation']} office. Is that where you want to print?","choices":"Yes\nNo","activityJson":"@triggerBody()?['replyActivity']"},"path":"/api/triggers/webhooks/registerResponse_Choice","authentication":"@parameters('$authentication')"},"description":"This step takes advantage of knowing the user's office location and confirms whether they want to print in their office or another (maybe the user is traveling or printing to a colleague elsewhere). Powerful example of personalization."},"Condition:_Confirm_office_location":{"actions":{"Switch:_which_office_1":{"runAfter":{},"cases":{"Headquarters_Office_1":{"case":"Headquarters","actions":{"Get_choice_response_from_User:_which_floor_HQ_1":{"runAfter":{},"metadata":{"flowSystemMetadata":{"swaggerOperationId":"WebHookRegistrations_InputResponse_CHOICE"}},"type":"ApiConnectionWebhook","inputs":{"host":{"connection":{"name":"@parameters('$connections')['shared_bizzy']['connectionId']"},"api":{"runtimeUrl":"https://flow-apim-msmanaged-na-westus2-01.azure-apim.net/apim/bizzy"}},"body":{"webHookUri":"@{listCallbackUrl()}","message":"Alright, and which floor in the Headquarters office do you want to print to?","choices":"1\n2","activityJson":"@triggerBody()?['replyActivity']"},"path":"/api/triggers/webhooks/registerResponse_Choice","authentication":"@parameters('$authentication')"},"description":"This step assumes the company only rents floors 1 and 2 in the HQ building. These align with the SharePoint list. You can make this even slicker by querying SharePoint based on the location and chrome type, resulting in dynamic choices."},"Send_reply:_HQ_floor_choice_confirmation_1":{"runAfter":{"Get_choice_response_from_User:_which_floor_HQ_1":["Succeeded"]},"metadata":{"flowSystemMetadata":{"swaggerOperationId":"SendReply"}},"type":"ApiConnection","inputs":{"host":{"connection":{"name":"@parameters('$connections')['shared_bizzy']['connectionId']"},"api":{"runtimeUrl":"https://flow-apim-msmanaged-na-westus2-01.azure-apim.net/apim/bizzy"}},"method":"post","body":{"message":"Great! I've found the following @{variables('Printer Type')} printers you can use.","activityJson":"@triggerBody()?['replyActivity']"},"path":"/api/triggers/bot/reply","authentication":"@parameters('$authentication')"},"description":"This step tees up the user to be ready for the responses it will get. Each query result will be sent as a separate message with info about that printer."},"Get_items:_HQ_printers_1":{"runAfter":{"Send_reply:_HQ_floor_choice_confirmation_1":["Succeeded"]},"metadata":{"flowSystemMetadata":{"swaggerOperationId":"GetItems"}},"type":"ApiConnection","inputs":{"host":{"connection":{"name":"@parameters('$connections')['shared_sharepointonline']['connectionId']"},"api":{"runtimeUrl":"https://flow-apim-msmanaged-na-northcentralus-01.azure-apim.net/apim/sharepointonline"}},"method":"get","path":"/datasets/@{encodeURIComponent(encodeURIComponent('https://mobileentree.sharepoint.com/sites/ITDepartment'))}/tables/@{encodeURIComponent(encodeURIComponent('c1df7f8f-1942-4480-9368-9dfac96febb2'))}/items","queries":{"$filter":"Office eq 'Headquarters' and Floor eq '@{body('Get_choice_response_from_User:_which_floor_HQ_1')?['text']}' and Chrome eq '@{variables('Printer Type')}'"},"authentication":"@parameters('$authentication')"},"description":"This step queries the SharePoint list for printers in HQ on the specified floor of the specified chrome type."},"Apply_to_each:_report_HQ_printers_1":{"foreach":"@body('Get_items:_HQ_printers_1')?['value']","actions":{"Send_reply:_HQ_printers_1":{"runAfter":{},"metadata":{"flowSystemMetadata":{"swaggerOperationId":"SendReply"}},"type":"ApiConnection","inputs":{"host":{"connection":{"name":"@parameters('$connections')['shared_bizzy']['connectionId']"},"api":{"runtimeUrl":"https://flow-apim-msmanaged-na-westus2-01.azure-apim.net/apim/bizzy"}},"method":"post","body":{"message":"@{items('Apply_to_each:_report_HQ_printers_1')?['Title']}  is a @{items('Apply_to_each:_report_HQ_printers_1')?['Chrome']?['Value']} printer on floor @{items('Apply_to_each:_report_HQ_printers_1')?['Floor']?['Value']}.","activityJson":"@triggerBody()?['replyActivity']"},"path":"/api/triggers/bot/reply","authentication":"@parameters('$authentication')"},"description":"This sends a complete report on one printer found in the SharePoint query. The \"Apply to Each\" ensures this step will run multiple times for multiple results."}},"runAfter":{"Get_items:_HQ_printers_1":["Succeeded"]},"type":"Foreach","description":"Use an \"Apply to Each\" to perform a repetitive action to each of the answers you receive from the SharePoint query above."}}},"New_York_Office_1":{"case":"New York","actions":{"Get_choice_response_from_User:_which_floor_in_NY_1":{"runAfter":{},"metadata":{"flowSystemMetadata":{"swaggerOperationId":"WebHookRegistrations_InputResponse_CHOICE"}},"type":"ApiConnectionWebhook","inputs":{"host":{"connection":{"name":"@parameters('$connections')['shared_bizzy']['connectionId']"},"api":{"runtimeUrl":"https://flow-apim-msmanaged-na-westus2-01.azure-apim.net/apim/bizzy"}},"body":{"webHookUri":"@{listCallbackUrl()}","message":"Alright, and which floor in the New York office do you want to print to?","choices":"7\n8","activityJson":"@triggerBody()?['replyActivity']"},"path":"/api/triggers/webhooks/registerResponse_Choice","authentication":"@parameters('$authentication')"},"description":"This step assumes the company only rents floors 7 and 8 in the New York office. These align with the SharePoint list.  You can make this even slicker by querying SharePoint based on the location and chrome type, resulting in dynamic choices."},"Send_reply:_NY_floor_choice_confirmation_1":{"runAfter":{"Get_choice_response_from_User:_which_floor_in_NY_1":["Succeeded"]},"metadata":{"flowSystemMetadata":{"swaggerOperationId":"SendReply"}},"type":"ApiConnection","inputs":{"host":{"connection":{"name":"@parameters('$connections')['shared_bizzy']['connectionId']"},"api":{"runtimeUrl":"https://flow-apim-msmanaged-na-westus2-01.azure-apim.net/apim/bizzy"}},"method":"post","body":{"message":"Great! I've found the following @{variables('Printer Type')} printers you can use.","activityJson":"@triggerBody()?['replyActivity']"},"path":"/api/triggers/bot/reply","authentication":"@parameters('$authentication')"},"description":"This step tees up the user to be ready for the responses it will get. Each query result will be sent as a separate message with info about that printer."},"Apply_to_each":{"foreach":"@body('Get_items:_NY_printers_1')?['value']","actions":{"Send_reply:_NY_printers_1":{"runAfter":{},"metadata":{"flowSystemMetadata":{"swaggerOperationId":"SendReply"}},"type":"ApiConnection","inputs":{"host":{"connection":{"name":"@parameters('$connections')['shared_bizzy']['connectionId']"},"api":{"runtimeUrl":"https://flow-apim-msmanaged-na-westus2-01.azure-apim.net/apim/bizzy"}},"method":"post","body":{"message":" @{items('Apply_to_each')?['Title']} is a @{items('Apply_to_each')?['Chrome']?['Value']} printer on floor @{items('Apply_to_each')?['Floor']?['Value']}.","activityJson":"@triggerBody()?['replyActivity']"},"path":"/api/triggers/bot/reply","authentication":"@parameters('$authentication')"},"description":"This sends a complete report on one printer found in the SharePoint query. The \"Apply to Each\" ensures this step will run multiple times for multiple results."}},"runAfter":{"Get_items:_NY_printers_1":["Succeeded"]},"type":"Foreach","description":"Use an \"Apply to Each\" to perform a repetitive action to each of the answers you receive from the SharePoint query above."},"Get_items:_NY_printers_1":{"runAfter":{"Send_reply:_NY_floor_choice_confirmation_1":["Succeeded"]},"metadata":{"flowSystemMetadata":{"swaggerOperationId":"GetItems"}},"type":"ApiConnection","inputs":{"host":{"connection":{"name":"@parameters('$connections')['shared_sharepointonline']['connectionId']"},"api":{"runtimeUrl":"https://flow-apim-msmanaged-na-northcentralus-01.azure-apim.net/apim/sharepointonline"}},"method":"get","path":"/datasets/@{encodeURIComponent(encodeURIComponent('https://mobileentree.sharepoint.com/sites/ITDepartment'))}/tables/@{encodeURIComponent(encodeURIComponent('c1df7f8f-1942-4480-9368-9dfac96febb2'))}/items","queries":{"$filter":"Office eq 'New York' and Floor eq '@{body('Get_choice_response_from_User:_which_floor_in_NY_1')?['text']}' and Chrome eq '@{variables('Printer Type')}'"},"authentication":"@parameters('$authentication')"},"description":"This step queries the SharePoint list for printers in the New York office on the specified floor of the specified chrome type."}}},"London_Office_1":{"case":"London","actions":{"Get_choice_response_from_User:_which_floor_in_London_1":{"runAfter":{},"metadata":{"flowSystemMetadata":{"swaggerOperationId":"WebHookRegistrations_InputResponse_CHOICE"}},"type":"ApiConnectionWebhook","inputs":{"host":{"connection":{"name":"@parameters('$connections')['shared_bizzy']['connectionId']"},"api":{"runtimeUrl":"https://flow-apim-msmanaged-na-westus2-01.azure-apim.net/apim/bizzy"}},"body":{"webHookUri":"@{listCallbackUrl()}","message":"Alright, and which floor in the London office do you want to print to?","choices":"5\n6","activityJson":"@triggerBody()?['replyActivity']"},"path":"/api/triggers/webhooks/registerResponse_Choice","authentication":"@parameters('$authentication')"},"description":"This step assumes the company only rents floors 5 and 6 in the London Office. These align with the SharePoint list. You can make this even slicker by querying SharePoint based on the location and chrome type, resulting in dynamic choices."},"Send_reply:_London_floor_choice_confirmation_1":{"runAfter":{"Get_choice_response_from_User:_which_floor_in_London_1":["Succeeded"]},"metadata":{"flowSystemMetadata":{"swaggerOperationId":"SendReply"}},"type":"ApiConnection","inputs":{"host":{"connection":{"name":"@parameters('$connections')['shared_bizzy']['connectionId']"},"api":{"runtimeUrl":"https://flow-apim-msmanaged-na-westus2-01.azure-apim.net/apim/bizzy"}},"method":"post","body":{"message":"Great! I've found the following @{variables('Printer Type')} printers you can use.","activityJson":"@triggerBody()?['replyActivity']"},"path":"/api/triggers/bot/reply","authentication":"@parameters('$authentication')"},"description":"This step tees up the user to be ready for the responses it will get. Each query result will be sent as a separate message with info about that printer."},"Get_items:_London_printers_1":{"runAfter":{"Send_reply:_London_floor_choice_confirmation_1":["Succeeded"]},"metadata":{"flowSystemMetadata":{"swaggerOperationId":"GetItems"}},"type":"ApiConnection","inputs":{"host":{"connection":{"name":"@parameters('$connections')['shared_sharepointonline']['connectionId']"},"api":{"runtimeUrl":"https://flow-apim-msmanaged-na-northcentralus-01.azure-apim.net/apim/sharepointonline"}},"method":"get","path":"/datasets/@{encodeURIComponent(encodeURIComponent('https://mobileentree.sharepoint.com/sites/ITDepartment'))}/tables/@{encodeURIComponent(encodeURIComponent('c1df7f8f-1942-4480-9368-9dfac96febb2'))}/items","queries":{"$filter":"Office eq 'London' and Floor eq '@{body('Get_choice_response_from_User:_which_floor_in_London_1')?['text']}' and Chrome eq '@{variables('Printer Type')}'"},"authentication":"@parameters('$authentication')"},"description":"This step queries the SharePoint list for printers in the London office on the specified floor of the specified chrome type."},"Apply_to_each:_report_London_printers_1":{"foreach":"@body('Get_items:_London_printers_1')?['value']","actions":{"Send_reply:_London_printers_1":{"runAfter":{},"metadata":{"flowSystemMetadata":{"swaggerOperationId":"SendReply"}},"type":"ApiConnection","inputs":{"host":{"connection":{"name":"@parameters('$connections')['shared_bizzy']['connectionId']"},"api":{"runtimeUrl":"https://flow-apim-msmanaged-na-westus2-01.azure-apim.net/apim/bizzy"}},"method":"post","body":{"message":"@{items('Apply_to_each:_report_London_printers_1')?['Title']}  is a @{items('Apply_to_each:_report_London_printers_1')?['Chrome']?['Value']} printer on floor @{items('Apply_to_each:_report_London_printers_1')?['Floor']?['Value']}.","activityJson":"@triggerBody()?['replyActivity']"},"path":"/api/triggers/bot/reply","authentication":"@parameters('$authentication')"},"description":"This sends a complete report on one printer found in the SharePoint query. The \"Apply to Each\" ensures this step will run multiple times for multiple results."}},"runAfter":{"Get_items:_London_printers_1":["Succeeded"]},"type":"Foreach","description":"Use an \"Apply to Each\" to perform a repetitive action to each of the answers you receive from the SharePoint query above."}}}},"default":{"actions":{"Send_reply:_don't_understand_1":{"runAfter":{},"metadata":{"flowSystemMetadata":{"swaggerOperationId":"SendReply"}},"type":"ApiConnection","inputs":{"host":{"connection":{"name":"@parameters('$connections')['shared_bizzy']['connectionId']"},"api":{"runtimeUrl":"https://flow-apim-msmanaged-na-westus2-01.azure-apim.net/apim/bizzy"}},"method":"post","body":{"message":"Sorry, that's not an office name I recognize. Please try requesting help again and we'll start over.","activityJson":"@triggerBody()?['replyActivity']"},"path":"/api/triggers/bot/reply","authentication":"@parameters('$authentication')"},"description":"This step informs the user the Skill is over. It's smart to include a step to close or cancel any trouble ticket that was opened since the user will be opening a new one if they try kicking this Skill off again."}}},"expression":"@body('Get_user_profile_(V2):_Pull_requesting_user''s_data_from_AAD')?['officeLocation']","type":"Switch","description":"The Office Location comes from your AAD. Update one of these to be where the demo-er's AAD Office Location is or update AAD to match one of these below, otherwise the connection won't work."}},"runAfter":{"Get_choice_response_from_User:_Get_location_of_printer":["Succeeded"]},"else":{"actions":{"Get_choice_response_from_User:_which_office":{"runAfter":{},"metadata":{"flowSystemMetadata":{"swaggerOperationId":"WebHookRegistrations_InputResponse_CHOICE"}},"type":"ApiConnectionWebhook","inputs":{"host":{"connection":{"name":"@parameters('$connections')['shared_bizzy']['connectionId']"},"api":{"runtimeUrl":"https://flow-apim-msmanaged-na-westus2-01.azure-apim.net/apim/bizzy"}},"body":{"webHookUri":"@{listCallbackUrl()}","message":"No problem, @{body('Get_user_profile_(V2):_Pull_requesting_user''s_data_from_AAD')?['givenName']}. Which office would you like to print in?","choices":"Headquarters\nLondon\nNew York","activityJson":"@triggerBody()?['replyActivity']"},"path":"/api/triggers/webhooks/registerResponse_Choice","authentication":"@parameters('$authentication')"},"description":"This step asks for clarification on the locations. These locations are used in the Switch below, so it's important they are entered exactly."},"Switch:_which_office_2":{"runAfter":{"Get_choice_response_from_User:_which_office":["Succeeded"]},"cases":{"Headquarters_Office_2":{"case":"Headquarters","actions":{"Get_choice_response_from_User:_which_floor_in_HQ_2":{"runAfter":{},"metadata":{"flowSystemMetadata":{"swaggerOperationId":"WebHookRegistrations_InputResponse_CHOICE"}},"type":"ApiConnectionWebhook","inputs":{"host":{"connection":{"name":"@parameters('$connections')['shared_bizzy']['connectionId']"},"api":{"runtimeUrl":"https://flow-apim-msmanaged-na-westus2-01.azure-apim.net/apim/bizzy"}},"body":{"webHookUri":"@{listCallbackUrl()}","message":"Alright, and which floor in the @{body('Get_choice_response_from_User:_which_office')?['text']} office do you want to print to?","choices":"1\n2","activityJson":"@triggerBody()?['replyActivity']"},"path":"/api/triggers/webhooks/registerResponse_Choice","authentication":"@parameters('$authentication')"},"description":"This step assumes the company only rents floors 1 and 2 in the HQ building. These align with the SharePoint list. You can make this even slicker by querying SharePoint based on the location and chrome type, resulting in dynamic choices."},"Send_reply:_HQ_floor_choice_confirmation_2":{"runAfter":{"Get_choice_response_from_User:_which_floor_in_HQ_2":["Succeeded"]},"metadata":{"flowSystemMetadata":{"swaggerOperationId":"SendReply"}},"type":"ApiConnection","inputs":{"host":{"connection":{"name":"@parameters('$connections')['shared_bizzy']['connectionId']"},"api":{"runtimeUrl":"https://flow-apim-msmanaged-na-westus2-01.azure-apim.net/apim/bizzy"}},"method":"post","body":{"message":"Great! I've found the following @{variables('Printer Type')} printers you can use.","activityJson":"@triggerBody()?['replyActivity']"},"path":"/api/triggers/bot/reply","authentication":"@parameters('$authentication')"},"description":"This step tees up the user to be ready for the responses it will get. Each query result will be sent as a separate message with info about that printer."},"Get_items:_HQ_printers_2":{"runAfter":{"Send_reply:_HQ_floor_choice_confirmation_2":["Succeeded"]},"metadata":{"flowSystemMetadata":{"swaggerOperationId":"GetItems"}},"type":"ApiConnection","inputs":{"host":{"connection":{"name":"@parameters('$connections')['shared_sharepointonline']['connectionId']"},"api":{"runtimeUrl":"https://flow-apim-msmanaged-na-northcentralus-01.azure-apim.net/apim/sharepointonline"}},"method":"get","path":"/datasets/@{encodeURIComponent(encodeURIComponent('https://mobileentree.sharepoint.com/sites/ITDepartment'))}/tables/@{encodeURIComponent(encodeURIComponent('c1df7f8f-1942-4480-9368-9dfac96febb2'))}/items","queries":{"$filter":"Office eq 'Headquarters' and Floor eq '@{body('Get_choice_response_from_User:_which_floor_in_HQ_2')?['text']}' and Chrome eq '@{variables('Printer Type')}'"},"authentication":"@parameters('$authentication')"},"description":"This step queries the SharePoint list for printers in HQ on the specified floor of the specified chrome type."},"Apply_to_each:_report_HQ_printers_2":{"foreach":"@body('Get_items:_HQ_printers_2')?['value']","actions":{"Send_reply:_HQ_printers_2":{"runAfter":{},"metadata":{"flowSystemMetadata":{"swaggerOperationId":"SendReply"}},"type":"ApiConnection","inputs":{"host":{"connection":{"name":"@parameters('$connections')['shared_bizzy']['connectionId']"},"api":{"runtimeUrl":"https://flow-apim-msmanaged-na-westus2-01.azure-apim.net/apim/bizzy"}},"method":"post","body":{"message":"@{items('Apply_to_each:_report_HQ_printers_2')?['Title']}  is a @{items('Apply_to_each:_report_HQ_printers_2')?['Chrome']?['Value']} printer on floor @{items('Apply_to_each:_report_HQ_printers_2')?['Floor']?['Value']}.","activityJson":"@triggerBody()?['replyActivity']"},"path":"/api/triggers/bot/reply","authentication":"@parameters('$authentication')"},"description":"This sends a complete report on one printer found in the SharePoint query. The \"Apply to Each\" ensures this step will run multiple times for multiple results."}},"runAfter":{"Get_items:_HQ_printers_2":["Succeeded"]},"type":"Foreach","description":"Use an \"Apply to Each\" to perform a repetitive action to each of the answers you receive from the SharePoint query above."}}},"New_York_Office_2":{"case":"New York","actions":{"Get_choice_response_from_User:_which_floor_in_NY_2":{"runAfter":{},"metadata":{"flowSystemMetadata":{"swaggerOperationId":"WebHookRegistrations_InputResponse_CHOICE"}},"type":"ApiConnectionWebhook","inputs":{"host":{"connection":{"name":"@parameters('$connections')['shared_bizzy']['connectionId']"},"api":{"runtimeUrl":"https://flow-apim-msmanaged-na-westus2-01.azure-apim.net/apim/bizzy"}},"body":{"webHookUri":"@{listCallbackUrl()}","message":"Alright, and which floor in the @{body('Get_choice_response_from_User:_which_office')?['text']} office do you want to print to?","choices":"7\n8","activityJson":"@triggerBody()?['replyActivity']"},"path":"/api/triggers/webhooks/registerResponse_Choice","authentication":"@parameters('$authentication')"},"description":"This step assumes the company only rents floors 7 and 8 in the New York office. These align with the SharePoint list.  You can make this even slicker by querying SharePoint based on the location and chrome type, resulting in dynamic choices."},"Send_reply:_NY_floor_choice_confirmation_2":{"runAfter":{"Get_choice_response_from_User:_which_floor_in_NY_2":["Succeeded"]},"metadata":{"flowSystemMetadata":{"swaggerOperationId":"SendReply"}},"type":"ApiConnection","inputs":{"host":{"connection":{"name":"@parameters('$connections')['shared_bizzy']['connectionId']"},"api":{"runtimeUrl":"https://flow-apim-msmanaged-na-westus2-01.azure-apim.net/apim/bizzy"}},"method":"post","body":{"message":"Great! I've found the following @{variables('Printer Type')} printers you can use.","activityJson":"@triggerBody()?['replyActivity']"},"path":"/api/triggers/bot/reply","authentication":"@parameters('$authentication')"},"description":"This step tees up the user to be ready for the responses it will get. Each query result will be sent as a separate message with info about that printer."},"Get_items:_NY_printers_2":{"runAfter":{"Send_reply:_NY_floor_choice_confirmation_2":["Succeeded"]},"metadata":{"flowSystemMetadata":{"swaggerOperationId":"GetItems"}},"type":"ApiConnection","inputs":{"host":{"connection":{"name":"@parameters('$connections')['shared_sharepointonline']['connectionId']"},"api":{"runtimeUrl":"https://flow-apim-msmanaged-na-northcentralus-01.azure-apim.net/apim/sharepointonline"}},"method":"get","path":"/datasets/@{encodeURIComponent(encodeURIComponent('https://mobileentree.sharepoint.com/sites/ITDepartment'))}/tables/@{encodeURIComponent(encodeURIComponent('c1df7f8f-1942-4480-9368-9dfac96febb2'))}/items","queries":{"$filter":"Office eq 'New York' and Floor eq '@{body('Get_choice_response_from_User:_which_floor_in_NY_2')?['text']}' and Chrome eq '@{variables('Printer Type')}'"},"authentication":"@parameters('$authentication')"},"description":"This step queries the SharePoint list for printers in the New York office on the specified floor of the specified chrome type."},"Apply_to_each:_report_NY_printers_2":{"foreach":"@body('Get_items:_NY_printers_2')?['value']","actions":{"Send_reply:_NY_printers_2":{"runAfter":{},"metadata":{"flowSystemMetadata":{"swaggerOperationId":"SendReply"}},"type":"ApiConnection","inputs":{"host":{"connection":{"name":"@parameters('$connections')['shared_bizzy']['connectionId']"},"api":{"runtimeUrl":"https://flow-apim-msmanaged-na-westus2-01.azure-apim.net/apim/bizzy"}},"method":"post","body":{"message":"@{items('Apply_to_each:_report_NY_printers_2')?['Title']}  is a @{items('Apply_to_each:_report_NY_printers_2')?['Chrome']?['Value']} printer on floor @{items('Apply_to_each:_report_NY_printers_2')?['Floor']?['Value']}.","activityJson":"@triggerBody()?['replyActivity']"},"path":"/api/triggers/bot/reply","authentication":"@parameters('$authentication')"},"description":"This sends a complete report on one printer found in the SharePoint query. The \"Apply to Each\" ensures this step will run multiple times for multiple results."}},"runAfter":{"Get_items:_NY_printers_2":["Succeeded"]},"type":"Foreach","description":"Use an \"Apply to Each\" to perform a repetitive action to each of the answers you receive from the SharePoint query above."}}},"London_Office_2":{"case":"London","actions":{"Get_choice_response_from_User:_which_floor_in_London_2":{"runAfter":{},"metadata":{"flowSystemMetadata":{"swaggerOperationId":"WebHookRegistrations_InputResponse_CHOICE"}},"type":"ApiConnectionWebhook","inputs":{"host":{"connection":{"name":"@parameters('$connections')['shared_bizzy']['connectionId']"},"api":{"runtimeUrl":"https://flow-apim-msmanaged-na-westus2-01.azure-apim.net/apim/bizzy"}},"body":{"webHookUri":"@{listCallbackUrl()}","message":"Alright, and which floor in the @{body('Get_choice_response_from_User:_which_office')?['text']} office do you want to print to?","choices":"5\n6","activityJson":"@triggerBody()?['replyActivity']"},"path":"/api/triggers/webhooks/registerResponse_Choice","authentication":"@parameters('$authentication')"},"description":"This step assumes the company only rents floors 5 and 6 in the London Office. These align with the SharePoint list. You can make this even slicker by querying SharePoint based on the location and chrome type, resulting in dynamic choices."},"Send_reply:_London_floor_choice_confirmation_2":{"runAfter":{"Get_choice_response_from_User:_which_floor_in_London_2":["Succeeded"]},"metadata":{"flowSystemMetadata":{"swaggerOperationId":"SendReply"}},"type":"ApiConnection","inputs":{"host":{"connection":{"name":"@parameters('$connections')['shared_bizzy']['connectionId']"},"api":{"runtimeUrl":"https://flow-apim-msmanaged-na-westus2-01.azure-apim.net/apim/bizzy"}},"method":"post","body":{"message":"Great! I've found the following @{variables('Printer Type')} printers you can use.","activityJson":"@triggerBody()?['replyActivity']"},"path":"/api/triggers/bot/reply","authentication":"@parameters('$authentication')"},"description":"This step tees up the user to be ready for the responses it will get. Each query result will be sent as a separate message with info about that printer."},"Get_items:_London_printers_2":{"runAfter":{"Send_reply:_London_floor_choice_confirmation_2":["Succeeded"]},"metadata":{"flowSystemMetadata":{"swaggerOperationId":"GetItems"}},"type":"ApiConnection","inputs":{"host":{"connection":{"name":"@parameters('$connections')['shared_sharepointonline']['connectionId']"},"api":{"runtimeUrl":"https://flow-apim-msmanaged-na-northcentralus-01.azure-apim.net/apim/sharepointonline"}},"method":"get","path":"/datasets/@{encodeURIComponent(encodeURIComponent('https://mobileentree.sharepoint.com/sites/ITDepartment'))}/tables/@{encodeURIComponent(encodeURIComponent('c1df7f8f-1942-4480-9368-9dfac96febb2'))}/items","queries":{"$filter":"Office eq 'London' and Floor eq '@{body('Get_choice_response_from_User:_which_floor_in_London_2')?['text']}' and Chrome eq '@{variables('Printer Type')}'"},"authentication":"@parameters('$authentication')"},"description":"This step queries the SharePoint list for printers in the London office on the specified floor of the specified chrome type."},"Apply_to_each:_report_London_printers_2":{"foreach":"@body('Get_items:_London_printers_2')?['value']","actions":{"Send_reply:_London_printers_2":{"runAfter":{},"metadata":{"flowSystemMetadata":{"swaggerOperationId":"SendReply"}},"type":"ApiConnection","inputs":{"host":{"connection":{"name":"@parameters('$connections')['shared_bizzy']['connectionId']"},"api":{"runtimeUrl":"https://flow-apim-msmanaged-na-westus2-01.azure-apim.net/apim/bizzy"}},"method":"post","body":{"message":"@{items('Apply_to_each:_report_London_printers_2')?['Title']}  is a @{items('Apply_to_each:_report_London_printers_2')?['Chrome']?['Value']} printer on floor @{items('Apply_to_each:_report_London_printers_2')?['Floor']?['Value']}.","activityJson":"@triggerBody()?['replyActivity']"},"path":"/api/triggers/bot/reply","authentication":"@parameters('$authentication')"},"description":"This sends a complete report on one printer found in the SharePoint query. The \"Apply to Each\" ensures this step will run multiple times for multiple results."}},"runAfter":{"Get_items:_London_printers_2":["Succeeded"]},"type":"Foreach","description":"Use an \"Apply to Each\" to perform a repetitive action to each of the answers you receive from the SharePoint query above."}}}},"default":{"actions":{"Send_reply:_don't_understand_2":{"runAfter":{},"metadata":{"flowSystemMetadata":{"swaggerOperationId":"SendReply"}},"type":"ApiConnection","inputs":{"host":{"connection":{"name":"@parameters('$connections')['shared_bizzy']['connectionId']"},"api":{"runtimeUrl":"https://flow-apim-msmanaged-na-westus2-01.azure-apim.net/apim/bizzy"}},"method":"post","body":{"message":"Sorry, that's not an office name I recognize. Please try requesting help again and we'll start over.","activityJson":"@triggerBody()?['replyActivity']"},"path":"/api/triggers/bot/reply","authentication":"@parameters('$authentication')"},"description":"This step informs the user the Skill is over. It's smart to include a step to close or cancel any trouble ticket that was opened since the user will be opening a new one if they try kicking this Skill off again."}}},"expression":"@body('Get_choice_response_from_User:_which_office')?['text']","type":"Switch","description":"The Office Location comes from the choice step above. Ensure that the choice values match exactly with the switch cases below, otherwise the connection won't be made."}}},"expression":"@equals(body('Get_choice_response_from_User:_Get_location_of_printer')?['text'], 'Yes')","type":"If","description":"If the user wants to print in their office, great. If not, we have to ask where they want to print. These locations are simply examples."},"Initialize_variable:_Printer_Type":{"runAfter":{"Get_user_profile_(V2):_Pull_requesting_user's_data_from_AAD":["Succeeded"]},"type":"InitializeVariable","inputs":{"variables":[{"name":"Printer Type","type":"String"}]},"description":"This step creates the Printer Type variable, which is used throughout this Skill to track which type of printer the user needs."},"Switch:_Set_printer_variable":{"runAfter":{"Initialize_variable:_Printer_Type":["Succeeded"]},"cases":{"Black_and_white":{"case":"Black and white","actions":{"Set_variable:_Black_and_white_printer":{"runAfter":{},"type":"SetVariable","inputs":{"name":"Printer Type","value":"black and white"},"description":"Since the user requests a B&W printer, the variable is set as such. The variable is used in prose and in a filter query later, hence the all-lower-case setup below. Exact text is important here."}}},"Color":{"case":"Color","actions":{"Set_variable:_Color_printer":{"runAfter":{},"type":"SetVariable","inputs":{"name":"Printer Type","value":"color"},"description":"Since the user requests a color printer, the variable is set as such. The variable is used in prose and in a filter query later, hence the all-lower-case setup below. Exact text is important here."}}},"Doesn't_matter":{"case":"Doesn't matter","actions":{"Set_variable:_Black_and_white_printer_2":{"runAfter":{},"type":"SetVariable","inputs":{"name":"Printer Type","value":"black and white"},"description":"Since the user doesn't care which type of printer, the variable is set as the (cheaper) B&W option. The variable is used in prose and in a filter query later, hence the all-lower-case setup below. Exact text is important here."}}}},"default":{"actions":{"Send_reply:_Cancel":{"runAfter":{},"metadata":{"flowSystemMetadata":{"swaggerOperationId":"SendReply"}},"type":"ApiConnection","inputs":{"host":{"connection":{"name":"@parameters('$connections')['shared_bizzy']['connectionId']"},"api":{"runtimeUrl":"https://flow-apim-msmanaged-na-westus2-01.azure-apim.net/apim/bizzy"}},"method":"post","body":{"message":"Sorry, I didn't understand your response. Please start over so I can help you through this.","activityJson":"@triggerBody()?['replyActivity']"},"path":"/api/triggers/bot/reply","authentication":"@parameters('$authentication')"},"description":"This step informs the user the Skill is over. It's smart to include a step to close or cancel any trouble ticket that was opened since the user will be opening a new one if they try kicking this Skill off again."}}},"expression":"@triggerBody()?['PrinterType']","type":"Switch","description":"This switch identifies the printer chrome type for later use in the Skill."},"Send_reply:_steps_to_connect_printer":{"runAfter":{"Send_reply:_pre-steps":["Succeeded"]},"metadata":{"flowSystemMetadata":{"swaggerOperationId":"SendReply"}},"type":"ApiConnection","inputs":{"host":{"connection":{"name":"@parameters('$connections')['shared_bizzy']['connectionId']"},"api":{"runtimeUrl":"https://flow-apim-msmanaged-na-westus2-01.azure-apim.net/apim/bizzy"}},"method":"post","body":{"message":"From your desktop, click Start > Settings > Devices > Add a printer or scanner. Choose the printer you want and click Add Device.\n\nIf you'd like to see more detail on this, [click here](https://support.microsoft.com/en-us/help/17155/add-a-printer).","activityJson":"@triggerBody()?['replyActivity']"},"path":"/api/triggers/bot/reply","authentication":"@parameters('$authentication')"},"description":"These are the standard Windows 10 instructions for connecting to a printer. Note that we include the instructions in a simple way and provide a link to the source. This keeps the user in-context for as long as possible."},"Condition:_success_or_fail":{"actions":{"Send_reply:_Confirm_success":{"runAfter":{},"metadata":{"flowSystemMetadata":{"swaggerOperationId":"SendReply"}},"type":"ApiConnection","inputs":{"host":{"connection":{"name":"@parameters('$connections')['shared_bizzy']['connectionId']"},"api":{"runtimeUrl":"https://flow-apim-msmanaged-na-westus2-01.azure-apim.net/apim/bizzy"}},"method":"post","body":{"message":"That's great! Glad to hear you got the printer connected. Print away!","activityJson":"@triggerBody()?['replyActivity']"},"path":"/api/triggers/bot/reply","authentication":"@parameters('$authentication')"},"description":"Best practice suggests it's helpful to confirm the user's response and to be friendly about it. Before this step (in the \"Yes\" condition), add a step to close the ticket as succeeded."},"Send_reply:_Success_farewell":{"runAfter":{"Send_reply:_Confirm_success":["Succeeded"]},"metadata":{"flowSystemMetadata":{"swaggerOperationId":"SendReply"}},"type":"ApiConnection","inputs":{"host":{"connection":{"name":"@parameters('$connections')['shared_bizzy']['connectionId']"},"api":{"runtimeUrl":"https://flow-apim-msmanaged-na-westus2-01.azure-apim.net/apim/bizzy"}},"method":"post","body":{"message":"Sounds like we're all set. 🙂 Don't hesitate to contact me if you need anything else. Have a great day, @{body('Get_user_profile_(V2):_Pull_requesting_user''s_data_from_AAD')?['givenName']}!","activityJson":"@triggerBody()?['replyActivity']"},"path":"/api/triggers/bot/reply","authentication":"@parameters('$authentication')"},"description":"Best practice suggests to always include a close-out and farewell message after a Skill has completed. Including the user's first name (\"Given Name\") helps keep things personal (just don't over user it)."}},"runAfter":{"Get_choice_response:_Success_confirmation":["Succeeded"]},"else":{"actions":{"Send_reply:_Confirm_ticket_escalation":{"runAfter":{"Get_response_from_User:_Get_error_input_from_user":["Succeeded"]},"metadata":{"flowSystemMetadata":{"swaggerOperationId":"SendReply"}},"type":"ApiConnection","inputs":{"host":{"connection":{"name":"@parameters('$connections')['shared_bizzy']['connectionId']"},"api":{"runtimeUrl":"https://flow-apim-msmanaged-na-westus2-01.azure-apim.net/apim/bizzy"}},"method":"post","body":{"message":"Thanks, @{body('Get_user_profile_(V2):_Pull_requesting_user''s_data_from_AAD')?['givenName']}. I've submitted a ticket for you. Someone will contact you soon to sort this out.","activityJson":"@triggerBody()?['replyActivity']"},"path":"/api/triggers/bot/reply","authentication":"@parameters('$authentication')"},"description":"This step confirms that a ticket has been submitted to a human technician, with details about the issue. In reality, your ticket was opened long ago, but it's now been recategorized to be visible to human representatives."},"Send_reply:_Fail_farewell":{"runAfter":{"Send_reply:_Confirm_ticket_escalation":["Succeeded"]},"metadata":{"flowSystemMetadata":{"swaggerOperationId":"SendReply"}},"type":"ApiConnection","inputs":{"host":{"connection":{"name":"@parameters('$connections')['shared_bizzy']['connectionId']"},"api":{"runtimeUrl":"https://flow-apim-msmanaged-na-westus2-01.azure-apim.net/apim/bizzy"}},"method":"post","body":{"message":"Sorry I wasn't able to help this time. 😕 But feel free to contact me in the future if you need anything.","activityJson":"@triggerBody()?['replyActivity']"},"path":"/api/triggers/bot/reply","authentication":"@parameters('$authentication')"},"description":"Best practice suggests to always include a close-out and farewell message after a Skill has completed, and to be candid about the process not succeeding."},"Get_response_from_User:_Get_error_input_from_user":{"runAfter":{},"metadata":{"flowSystemMetadata":{"swaggerOperationId":"WebHookRegistrations_InputResponse"}},"type":"ApiConnectionWebhook","inputs":{"host":{"connection":{"name":"@parameters('$connections')['shared_bizzy']['connectionId']"},"api":{"runtimeUrl":"https://flow-apim-msmanaged-na-westus2-01.azure-apim.net/apim/bizzy"}},"body":{"webHookUri":"@{listCallbackUrl()}","message":"Sorry to hear that, @{body('Get_user_profile_(V2):_Pull_requesting_user''s_data_from_AAD')?['givenName']}. Could you let me know which step didn't work? If you got an error, it's helpful for me to know what that said too.","activityJson":"@triggerBody()?['replyActivity']"},"path":"/api/triggers/webhooks/registerResponse","authentication":"@parameters('$authentication')"},"description":"This step requests added detail about the issue/error so a technician has more context on the issue when they take the ticket. After this step, add a new action to update the ticket in your ticketing system."}}},"expression":"@equals(body('Get_choice_response:_Success_confirmation')?['text'], 'Yes')","type":"If","description":"This step confirms with the user whether the standard operating procedure above was able to solve their issue. If so, close the ticket out. If not, keep it open and elevate it to a human."},"Send_reply:_pre-steps":{"runAfter":{"Condition:_Confirm_office_location":["Succeeded"]},"metadata":{"flowSystemMetadata":{"swaggerOperationId":"SendReply"}},"type":"ApiConnection","inputs":{"host":{"connection":{"name":"@parameters('$connections')['shared_bizzy']['connectionId']"},"api":{"runtimeUrl":"https://flow-apim-msmanaged-na-westus2-01.azure-apim.net/apim/bizzy"}},"method":"post","body":{"message":"Now, to get the printer connected, complete the following steps.","activityJson":"@triggerBody()?['replyActivity']"},"path":"/api/triggers/bot/reply","authentication":"@parameters('$authentication')"},"description":"This step tees up the user now that the bot has provided a list of printers to connect to."},"Get_choice_response:_Success_confirmation":{"runAfter":{"Delay:_let_user_connect_to_printer":["Succeeded"]},"metadata":{"flowSystemMetadata":{"swaggerOperationId":"WebHookRegistrations_InputResponse_CHOICE"}},"type":"ApiConnectionWebhook","inputs":{"host":{"connection":{"name":"@parameters('$connections')['shared_bizzy']['connectionId']"},"api":{"runtimeUrl":"https://flow-apim-msmanaged-na-westus2-01.azure-apim.net/apim/bizzy"}},"body":{"webHookUri":"@{listCallbackUrl()}","message":"Were you able to get the printer connected, @{body('Get_user_profile_(V2):_Pull_requesting_user''s_data_from_AAD')?['givenName']}?","choices":"Yes\nNo","activityJson":"@triggerBody()?['replyActivity']"},"path":"/api/triggers/webhooks/registerResponse_Choice","authentication":"@parameters('$authentication')"},"description":"This step asks the user whether the standard operating procedure above was able to solve their problem."},"Delay:_let_user_connect_to_printer":{"runAfter":{"Send_reply:_steps_to_connect_printer":["Succeeded"]},"type":"Wait","inputs":{"interval":{"count":10,"unit":"Second"}},"description":"This step delays the next message. For the demo, we use 10 seconds. In a production environment, this would likely be several minutes. Or it would kick off a separate Skill to ask for an update on progress after a certain time period."},"Get_user_profile_(V2):_Pull_requesting_user's_data_from_AAD":{"runAfter":{},"metadata":{"flowSystemMetadata":{"swaggerOperationId":"UserProfile_V2"}},"type":"ApiConnection","inputs":{"host":{"connection":{"name":"@parameters('$connections')['shared_office365users']['connectionId']"},"api":{"runtimeUrl":"https://flow-apim-msmanaged-na-eastus2-01.azure-apim.net/apim/office365users"}},"method":"get","path":"/codeless/v1.0/users/@{encodeURIComponent(triggerBody()?['triggeredBy'])}","authentication":"@parameters('$authentication')"},"description":"This step gets information about the requesting user from Active Directory, like their office location, manager, etc. if it's filled out in AAD. Very useful for automatically including this info in the trouble ticket."}},"outputs":{}},"connectionReferences":{"shared_bizzy":{"connectionName":"shared-bizzy-6cbe6223-9e0f-42f2-b2af-af715a35cd80","source":"Embedded","id":"/providers/Microsoft.PowerApps/apis/shared_bizzy","tier":"NotSpecified"},"shared_sharepointonline":{"connectionName":"9a034d23333b765415872e2b3daf4274","source":"Embedded","id":"/providers/Microsoft.PowerApps/apis/shared_sharepointonline","tier":"NotSpecified"},"shared_office365users":{"connectionName":"shared-office365user-c3152ffd-e006-4b48-a18e-0234610592ec","source":"Embedded","id":"/providers/Microsoft.PowerApps/apis/shared_office365users","tier":"NotSpecified"}},"flowFailureAlertSubscribed":false}}