{"name":"629b8dbe-ac5f-4040-8e7b-9541f2a15997","id":"/providers/Microsoft.Flow/flows/629b8dbe-ac5f-4040-8e7b-9541f2a15997","type":"Microsoft.Flow/flows","properties":{"apiId":"/providers/Microsoft.PowerApps/apis/shared_logicflows","displayName":"Troubleshoot Printer Connection No IVs","definition":{"metadata":{"workflowEntityId":null,"creator":{"id":"8c2a9d40-5de1-4d2d-b883-8423b103f9f7","type":"User","tenantId":"213b22cd-d6b7-48b3-bb23-decd68521256"},"provisioningMethod":"FromDefinition","failureAlertSubscription":true,"clientLastModifiedTime":"2019-05-17T17:59:24.6104989Z"},"$schema":"https://schema.management.azure.com/providers/Microsoft.Logic/schemas/2016-06-01/workflowdefinition.json#","contentVersion":"1.0.0.0","parameters":{"$connections":{"defaultValue":{},"type":"Object"},"$authentication":{"defaultValue":{},"type":"SecureObject"}},"triggers":{"When_an_intent_is_used":{"metadata":{"flowSystemMetadata":{"swaggerOperationId":"WebHookRegistrations_Post"}},"type":"ApiConnectionWebhook","inputs":{"host":{"connection":{"name":"@parameters('$connections')['shared_bizzy']['connectionId']"},"api":{"runtimeUrl":"https://flow-apim-msmanaged-na-westus2-01.azure-apim.net/apim/bizzy"}},"body":{"webHookUri":"@{listCallbackUrl()}","triggerDescription":"Connect to a printer","triggerType":"Personal","keywords":"printer help"},"path":"/api/triggers/webhooks/register","authentication":"@parameters('$authentication')"},"description":"This trigger is kicked off when a user says \"printer help\". You can also add a LUIS intent so it can understand everyday language. It's set to \"Personal\" so it's available in the free version of AtBot in the Teams App Store."}},"actions":{"Initialize_variable:_Printer_Type":{"runAfter":{"Get_choice_response_from_User:_Printer_type":["Succeeded"]},"type":"InitializeVariable","inputs":{"variables":[{"name":"Printer Type","type":"String","value":"@body('Get_choice_response_from_User:_Printer_type')?['text']"}]},"description":"This step creates the Printer Type variable, which is used throughout this Skill to track which type of printer the user requested."},"Switch:_Set_printer_variable":{"runAfter":{"Initialize_variable:_Printer_Type":["Succeeded"]},"cases":{"Black_and_white":{"case":"Black and white","actions":{"Set_variable:_Black_and_white_printer":{"runAfter":{},"type":"SetVariable","inputs":{"name":"Printer Type","value":"black and white"},"description":"Since the user requests a B&W printer, the variable is set as such. The variable is used in prose later, hence the all-lower-case setup below. Exact text is important here."}}},"Color":{"case":"Color","actions":{"Set_variable:_Color_printer":{"runAfter":{},"type":"SetVariable","inputs":{"name":"Printer Type","value":"color"},"description":"Since the user requests a color printer, the variable is set as such. The variable is used in prose later, hence the all-lower-case setup below. Exact text is important here."}}},"Doesn't_matter":{"case":"Doesn't matter","actions":{"Set_variable:_Black_and_white_printer_2":{"runAfter":{},"type":"SetVariable","inputs":{"name":"Printer Type","value":"black and white"},"description":"Since the user doesn't care which type of printer, the variable is set as the (cheaper) B&W option. The variable is used in prose later, hence the all-lower-case setup below. Exact text is important here."}}}},"default":{"actions":{"Send_reply:_Cancel":{"runAfter":{},"metadata":{"flowSystemMetadata":{"swaggerOperationId":"SendReply"}},"type":"ApiConnection","inputs":{"host":{"connection":{"name":"@parameters('$connections')['shared_bizzy']['connectionId']"},"api":{"runtimeUrl":"https://flow-apim-msmanaged-na-westus2-01.azure-apim.net/apim/bizzy"}},"method":"post","body":{"message":"Sorry, I didn't understand your response. Please start over so I can help you through this.","activityJson":"@triggerBody()?['replyActivity']"},"path":"/api/triggers/bot/reply","authentication":"@parameters('$authentication')"},"description":"This step informs the user the Skill is over. It's smart to include a step to close or cancel any trouble ticket that was opened since the user will be opening a new one if they try kicking this Skill off again."}}},"expression":"@variables('Printer Type')","type":"Switch","description":"This switch identifies the printer chrome type for later use in the Skill."},"Send_reply:_steps_to_connect_printer":{"runAfter":{"Send_reply:_pre-steps":["Succeeded"]},"metadata":{"flowSystemMetadata":{"swaggerOperationId":"SendReply"}},"type":"ApiConnection","inputs":{"host":{"connection":{"name":"@parameters('$connections')['shared_bizzy']['connectionId']"},"api":{"runtimeUrl":"https://flow-apim-msmanaged-na-westus2-01.azure-apim.net/apim/bizzy"}},"method":"post","body":{"message":"From your desktop, click Start > Settings > Devices > Add a printer or scanner. Choose the printer you want and click Add Device.\n\nIf you'd like to see more detail on this, [click here](https://support.microsoft.com/en-us/help/17155/add-a-printer).","activityJson":"@triggerBody()?['replyActivity']"},"path":"/api/triggers/bot/reply","authentication":"@parameters('$authentication')"},"description":"These are the standard Windows 10 instructions for connecting to a printer. Note that we include the instructions in a simple way and provide a link to the source. This keeps the user in-context for as long as possible."},"Condition:_success_or_fail":{"actions":{"Send_reply:_Confirm_success":{"runAfter":{},"metadata":{"flowSystemMetadata":{"swaggerOperationId":"SendReply"}},"type":"ApiConnection","inputs":{"host":{"connection":{"name":"@parameters('$connections')['shared_bizzy']['connectionId']"},"api":{"runtimeUrl":"https://flow-apim-msmanaged-na-westus2-01.azure-apim.net/apim/bizzy"}},"method":"post","body":{"message":"That's great! Glad to hear you got the printer connected. Print away!","activityJson":"@triggerBody()?['replyActivity']"},"path":"/api/triggers/bot/reply","authentication":"@parameters('$authentication')"},"description":"Best practice suggests it's helpful to confirm the user's response and to be friendly about it. Before this step (in the \"Yes\" condition), add a step to close any ticket you may have opened."},"Send_reply:_Success_farewell":{"runAfter":{"Send_reply:_Confirm_success":["Succeeded"]},"metadata":{"flowSystemMetadata":{"swaggerOperationId":"SendReply"}},"type":"ApiConnection","inputs":{"host":{"connection":{"name":"@parameters('$connections')['shared_bizzy']['connectionId']"},"api":{"runtimeUrl":"https://flow-apim-msmanaged-na-westus2-01.azure-apim.net/apim/bizzy"}},"method":"post","body":{"message":"Sounds like we're all set. 🙂 Don't hesitate to contact me if you need anything else. Have a great day, @{body('Get_user_profile_(V2):_Pull_requesting_user''s_data_from_AAD')?['givenName']}!","activityJson":"@triggerBody()?['replyActivity']"},"path":"/api/triggers/bot/reply","authentication":"@parameters('$authentication')"},"description":"Best practice suggests to always include a close-out and farewell message after a Skill has completed. Including the user's first name (\"Given Name\") helps keep things personal (just don't over user it)."}},"runAfter":{"Get_choice_response:_Success_confirmation":["Succeeded"]},"else":{"actions":{"Send_reply:_Confirm_ticket_escalation":{"runAfter":{"Get_response_from_User:_Get_error_input_from_user":["Succeeded"]},"metadata":{"flowSystemMetadata":{"swaggerOperationId":"SendReply"}},"type":"ApiConnection","inputs":{"host":{"connection":{"name":"@parameters('$connections')['shared_bizzy']['connectionId']"},"api":{"runtimeUrl":"https://flow-apim-msmanaged-na-westus2-01.azure-apim.net/apim/bizzy"}},"method":"post","body":{"message":"Thanks, @{body('Get_user_profile_(V2):_Pull_requesting_user''s_data_from_AAD')?['givenName']}. I've submitted a ticket for you. Someone will contact you soon to sort this out.","activityJson":"@triggerBody()?['replyActivity']"},"path":"/api/triggers/bot/reply","authentication":"@parameters('$authentication')"},"description":"This step confirms that a ticket has been submitted to a human technician, with details about the issue. In reality, your ticket was opened long ago, but it's now been recategorized to be visible to human representatives."},"Send_reply:_Fail_farewell":{"runAfter":{"Send_reply:_Confirm_ticket_escalation":["Succeeded"]},"metadata":{"flowSystemMetadata":{"swaggerOperationId":"SendReply"}},"type":"ApiConnection","inputs":{"host":{"connection":{"name":"@parameters('$connections')['shared_bizzy']['connectionId']"},"api":{"runtimeUrl":"https://flow-apim-msmanaged-na-westus2-01.azure-apim.net/apim/bizzy"}},"method":"post","body":{"message":"Sorry I wasn't able to help this time. 😕 But feel free to contact me in the future if you need anything.","activityJson":"@triggerBody()?['replyActivity']"},"path":"/api/triggers/bot/reply","authentication":"@parameters('$authentication')"},"description":"Best practice suggests to always include a close-out and farewell message after a Skill has completed, and to be candid about the process not succeeding."},"Get_response_from_User:_Get_error_input_from_user":{"runAfter":{},"metadata":{"flowSystemMetadata":{"swaggerOperationId":"WebHookRegistrations_InputResponse"}},"type":"ApiConnectionWebhook","inputs":{"host":{"connection":{"name":"@parameters('$connections')['shared_bizzy']['connectionId']"},"api":{"runtimeUrl":"https://flow-apim-msmanaged-na-westus2-01.azure-apim.net/apim/bizzy"}},"body":{"webHookUri":"@{listCallbackUrl()}","message":"Sorry to hear that, @{body('Get_user_profile_(V2):_Pull_requesting_user''s_data_from_AAD')?['givenName']}. Could you let me know which step didn't work? If you got an error, it's helpful for me to know what that said too.","activityJson":"@triggerBody()?['replyActivity']"},"path":"/api/triggers/webhooks/registerResponse","authentication":"@parameters('$authentication')"},"description":"This step requests added detail about the issue/error so a technician has more context on the issue when they take the ticket. After this step, add a new action to update any ticket you may have opened in your ticketing system."}}},"expression":"@equals(body('Get_choice_response:_Success_confirmation')?['text'], 'Yes')","type":"If","description":"This step confirms with the user whether the standard operating procedure above was able to solve their issue. If so, close \"the ticket\" out. If not, keep it open and \"elevate it\" to a human."},"Send_reply:_pre-steps":{"runAfter":{"Switch:_which_office":["Succeeded"]},"metadata":{"flowSystemMetadata":{"swaggerOperationId":"SendReply"}},"type":"ApiConnection","inputs":{"host":{"connection":{"name":"@parameters('$connections')['shared_bizzy']['connectionId']"},"api":{"runtimeUrl":"https://flow-apim-msmanaged-na-westus2-01.azure-apim.net/apim/bizzy"}},"method":"post","body":{"message":"Now, to get the printer connected, complete the following steps.","activityJson":"@triggerBody()?['replyActivity']"},"path":"/api/triggers/bot/reply","authentication":"@parameters('$authentication')"},"description":"This step tees up the user now that the bot has provided a list of printers to connect to."},"Get_choice_response:_Success_confirmation":{"runAfter":{"Delay:_let_user_connect_to_printer":["Succeeded"]},"metadata":{"flowSystemMetadata":{"swaggerOperationId":"WebHookRegistrations_InputResponse_CHOICE"}},"type":"ApiConnectionWebhook","inputs":{"host":{"connection":{"name":"@parameters('$connections')['shared_bizzy']['connectionId']"},"api":{"runtimeUrl":"https://flow-apim-msmanaged-na-westus2-01.azure-apim.net/apim/bizzy"}},"body":{"webHookUri":"@{listCallbackUrl()}","message":"Were you able to get the printer connected, @{body('Get_user_profile_(V2):_Pull_requesting_user''s_data_from_AAD')?['givenName']}?","choices":"Yes\nNo","activityJson":"@triggerBody()?['replyActivity']"},"path":"/api/triggers/webhooks/registerResponse_Choice","authentication":"@parameters('$authentication')"},"description":"This step asks the user whether the standard operating procedure above was able to solve their problem."},"Delay:_let_user_connect_to_printer":{"runAfter":{"Send_reply:_steps_to_connect_printer":["Succeeded"]},"type":"Wait","inputs":{"interval":{"count":10,"unit":"Second"}},"description":"This step delays the next message. For the demo, we use 10 seconds. In a production environment, this would likely be several minutes. Or it would kick off a separate Skill to ask for an update on progress after a certain time period."},"Get_user_profile_(V2):_Pull_requesting_user's_data_from_AAD":{"runAfter":{},"metadata":{"flowSystemMetadata":{"swaggerOperationId":"UserProfile_V2"}},"type":"ApiConnection","inputs":{"host":{"connection":{"name":"@parameters('$connections')['shared_office365users']['connectionId']"},"api":{"runtimeUrl":"https://flow-apim-msmanaged-na-eastus2-01.azure-apim.net/apim/office365users"}},"method":"get","path":"/codeless/v1.0/users/@{encodeURIComponent(triggerBody()?['triggeredBy'])}","authentication":"@parameters('$authentication')"},"description":"This step gets information about the requesting user from Active Directory, like their office location, manager, etc. if it's filled out in AAD. Very useful for automatically including this info in a corresponding trouble ticket."},"Get_choice_response_from_User:_Printer_type":{"runAfter":{"Get_user_profile_(V2):_Pull_requesting_user's_data_from_AAD":["Succeeded"]},"metadata":{"flowSystemMetadata":{"swaggerOperationId":"WebHookRegistrations_InputResponse_CHOICE"}},"type":"ApiConnectionWebhook","inputs":{"host":{"connection":{"name":"@parameters('$connections')['shared_bizzy']['connectionId']"},"api":{"runtimeUrl":"https://flow-apim-msmanaged-na-westus2-01.azure-apim.net/apim/bizzy"}},"body":{"webHookUri":"@{listCallbackUrl()}","message":"Hi @{body('Get_user_profile_(V2):_Pull_requesting_user''s_data_from_AAD')?['givenName']}, I'd be happy to help you get connected to a printer. First, let's find the best printer for you. Which type of printer do you need?","choices":"Black and white\nColor\nDoesn't matter","activityJson":"@triggerBody()?['replyActivity']","acceptResponseFrom":"Original User"},"path":"/api/triggers/webhooks/registerResponse_Choice","authentication":"@parameters('$authentication')"},"description":"This Skill doesn't just provide info on how to connect to a printer, it also finds an appropriate printer. At least, it fakes its way through it for demonstration purposes. This question is the first to ask when someone wants to connect to a printer."},"Get_choice_response_from_User:_which_office":{"runAfter":{"Switch:_Set_printer_variable":["Succeeded"]},"metadata":{"flowSystemMetadata":{"swaggerOperationId":"WebHookRegistrations_InputResponse_CHOICE"}},"type":"ApiConnectionWebhook","inputs":{"host":{"connection":{"name":"@parameters('$connections')['shared_bizzy']['connectionId']"},"api":{"runtimeUrl":"https://flow-apim-msmanaged-na-westus2-01.azure-apim.net/apim/bizzy"}},"body":{"webHookUri":"@{listCallbackUrl()}","message":"Great, thanks. And which office would you like to print at?","choices":"Headquarters\nLondon\nNew York","activityJson":"@triggerBody()?['replyActivity']"},"path":"/api/triggers/webhooks/registerResponse_Choice","authentication":"@parameters('$authentication')"},"description":"This step asks the location to print. You can use the info from the Get User Profile step above, but if \"location\" isn't completed in AAD it won't work. These locations are used in the Switch below, so it's important they are entered exactly."},"Switch:_which_office":{"runAfter":{"Get_choice_response_from_User:_which_office":["Succeeded"]},"cases":{"Headquarters_Office":{"case":"Headquarters","actions":{"Get_choice_response_from_User:_which_floor_in_HQ":{"runAfter":{},"metadata":{"flowSystemMetadata":{"swaggerOperationId":"WebHookRegistrations_InputResponse_CHOICE"}},"type":"ApiConnectionWebhook","inputs":{"host":{"connection":{"name":"@parameters('$connections')['shared_bizzy']['connectionId']"},"api":{"runtimeUrl":"https://flow-apim-msmanaged-na-westus2-01.azure-apim.net/apim/bizzy"}},"body":{"webHookUri":"@{listCallbackUrl()}","message":"Alright, and which floor in the @{body('Get_choice_response_from_User:_which_office')?['text']} office do you want to print to?","choices":"1\n2","activityJson":"@triggerBody()?['replyActivity']"},"path":"/api/triggers/webhooks/registerResponse_Choice","authentication":"@parameters('$authentication')"},"description":"This step assumes the company only rents floors 1 and 2 in the HQ building. The choice doesn't impact the responses; it only makes the experience seem more real to the demo/test audience."},"Send_reply:_HQ_floor_choice_confirmation":{"runAfter":{"Get_choice_response_from_User:_which_floor_in_HQ":["Succeeded"]},"metadata":{"flowSystemMetadata":{"swaggerOperationId":"SendReply"}},"type":"ApiConnection","inputs":{"host":{"connection":{"name":"@parameters('$connections')['shared_bizzy']['connectionId']"},"api":{"runtimeUrl":"https://flow-apim-msmanaged-na-westus2-01.azure-apim.net/apim/bizzy"}},"method":"post","body":{"message":"Great! I've found the following @{variables('Printer Type')} printers you can use.","activityJson":"@triggerBody()?['replyActivity']"},"path":"/api/triggers/bot/reply","authentication":"@parameters('$authentication')"},"description":"This step tees up the user to be ready for the responses it will get."},"Send_reply:_HQ_Printer_1":{"runAfter":{"Send_reply:_HQ_floor_choice_confirmation":["Succeeded"]},"metadata":{"flowSystemMetadata":{"swaggerOperationId":"SendReply"}},"type":"ApiConnection","inputs":{"host":{"connection":{"name":"@parameters('$connections')['shared_bizzy']['connectionId']"},"api":{"runtimeUrl":"https://flow-apim-msmanaged-na-westus2-01.azure-apim.net/apim/bizzy"}},"method":"post","body":{"message":"HQ-Canon InkJet iP1100 1 is a @{variables('Printer Type')} printer on floor @{body('Get_choice_response_from_User:_which_floor_in_HQ')?['text']}.","activityJson":"@triggerBody()?['replyActivity']"},"path":"/api/triggers/bot/reply","authentication":"@parameters('$authentication')"},"description":"Requesting printers in the Headquarters office provides two responses. Each includes a reference to the printer type and floor they chose, though the printer names and number of printers doesn't change regardless of floor. (For demo simplicity.)"},"Send_reply:_HQ_Printer_2":{"runAfter":{"Send_reply:_HQ_Printer_1":["Succeeded"]},"metadata":{"flowSystemMetadata":{"swaggerOperationId":"SendReply"}},"type":"ApiConnection","inputs":{"host":{"connection":{"name":"@parameters('$connections')['shared_bizzy']['connectionId']"},"api":{"runtimeUrl":"https://flow-apim-msmanaged-na-westus2-01.azure-apim.net/apim/bizzy"}},"method":"post","body":{"message":"HQ-Xerox WorkCentre 5225 2 is a @{variables('Printer Type')} printer on floor @{body('Get_choice_response_from_User:_which_floor_in_HQ')?['text']}.","activityJson":"@triggerBody()?['replyActivity']"},"path":"/api/triggers/bot/reply","authentication":"@parameters('$authentication')"}}}},"New_York_Office":{"case":"New York","actions":{"Get_choice_response_from_User:_which_floor_in_NY":{"runAfter":{},"metadata":{"flowSystemMetadata":{"swaggerOperationId":"WebHookRegistrations_InputResponse_CHOICE"}},"type":"ApiConnectionWebhook","inputs":{"host":{"connection":{"name":"@parameters('$connections')['shared_bizzy']['connectionId']"},"api":{"runtimeUrl":"https://flow-apim-msmanaged-na-westus2-01.azure-apim.net/apim/bizzy"}},"body":{"webHookUri":"@{listCallbackUrl()}","message":"Alright, and which floor in the @{body('Get_choice_response_from_User:_which_office')?['text']} office do you want to print to?","choices":"7\n8","activityJson":"@triggerBody()?['replyActivity']"},"path":"/api/triggers/webhooks/registerResponse_Choice","authentication":"@parameters('$authentication')"},"description":"This step assumes the company only rents floors 7 and 8 in the New York office. The choice doesn't impact the responses; it only makes the experience seem more real to the demo/test audience."},"Send_reply:_NY_floor_choice_confirmation":{"runAfter":{"Get_choice_response_from_User:_which_floor_in_NY":["Succeeded"]},"metadata":{"flowSystemMetadata":{"swaggerOperationId":"SendReply"}},"type":"ApiConnection","inputs":{"host":{"connection":{"name":"@parameters('$connections')['shared_bizzy']['connectionId']"},"api":{"runtimeUrl":"https://flow-apim-msmanaged-na-westus2-01.azure-apim.net/apim/bizzy"}},"method":"post","body":{"message":"Great! I've found the following @{variables('Printer Type')} printers you can use.","activityJson":"@triggerBody()?['replyActivity']"},"path":"/api/triggers/bot/reply","authentication":"@parameters('$authentication')"},"description":"This step tees up the user to be ready for the responses it will get."},"Send_reply:_NY_Printer_1":{"runAfter":{"Send_reply:_NY_floor_choice_confirmation":["Succeeded"]},"metadata":{"flowSystemMetadata":{"swaggerOperationId":"SendReply"}},"type":"ApiConnection","inputs":{"host":{"connection":{"name":"@parameters('$connections')['shared_bizzy']['connectionId']"},"api":{"runtimeUrl":"https://flow-apim-msmanaged-na-westus2-01.azure-apim.net/apim/bizzy"}},"method":"post","body":{"message":"NY-Canon InkJet iP1100 1 is a @{variables('Printer Type')} printer on floor @{body('Get_choice_response_from_User:_which_floor_in_NY')?['text']}","activityJson":"@triggerBody()?['replyActivity']"},"path":"/api/triggers/bot/reply","authentication":"@parameters('$authentication')"},"description":"Requesting printers in the Headquarters office provides two responses. Each includes a reference to the printer type and floor they chose, though the printer names and number of printers doesn't change regardless of floor. (For demo simplicity.)"},"Send_reply:_NY_Printer_2":{"runAfter":{"Send_reply:_NY_Printer_1":["Succeeded"]},"metadata":{"flowSystemMetadata":{"swaggerOperationId":"SendReply"}},"type":"ApiConnection","inputs":{"host":{"connection":{"name":"@parameters('$connections')['shared_bizzy']['connectionId']"},"api":{"runtimeUrl":"https://flow-apim-msmanaged-na-westus2-01.azure-apim.net/apim/bizzy"}},"method":"post","body":{"message":"NY-Canon InkJet iP1100 1 is a @{variables('Printer Type')} printer on floor @{body('Get_choice_response_from_User:_which_floor_in_NY')?['text']}.","activityJson":"@triggerBody()?['replyActivity']"},"path":"/api/triggers/bot/reply","authentication":"@parameters('$authentication')"}},"Send_reply:_NY_Printer_3":{"runAfter":{"Send_reply:_NY_Printer_2":["Succeeded"]},"metadata":{"flowSystemMetadata":{"swaggerOperationId":"SendReply"}},"type":"ApiConnection","inputs":{"host":{"connection":{"name":"@parameters('$connections')['shared_bizzy']['connectionId']"},"api":{"runtimeUrl":"https://flow-apim-msmanaged-na-westus2-01.azure-apim.net/apim/bizzy"}},"method":"post","body":{"message":"NY-EPSON SureColor F2000 1 is a @{variables('Printer Type')} printer on floor @{body('Get_choice_response_from_User:_which_floor_in_NY')?['text']}.","activityJson":"@triggerBody()?['replyActivity']"},"path":"/api/triggers/bot/reply","authentication":"@parameters('$authentication')"}}}},"London_Office":{"case":"London","actions":{"Get_choice_response_from_User:_which_floor_in_London":{"runAfter":{},"metadata":{"flowSystemMetadata":{"swaggerOperationId":"WebHookRegistrations_InputResponse_CHOICE"}},"type":"ApiConnectionWebhook","inputs":{"host":{"connection":{"name":"@parameters('$connections')['shared_bizzy']['connectionId']"},"api":{"runtimeUrl":"https://flow-apim-msmanaged-na-westus2-01.azure-apim.net/apim/bizzy"}},"body":{"webHookUri":"@{listCallbackUrl()}","message":"Alright, and which floor in the @{body('Get_choice_response_from_User:_which_office')?['text']} office do you want to print to?","choices":"5\n6","activityJson":"@triggerBody()?['replyActivity']"},"path":"/api/triggers/webhooks/registerResponse_Choice","authentication":"@parameters('$authentication')"},"description":"This step assumes the company only rents floors 5 and 6 in the London Office. The choice doesn't impact the responses; it only makes the experience seem more real to the demo/test audience."},"Send_reply:_London_floor_choice_confirmation":{"runAfter":{"Get_choice_response_from_User:_which_floor_in_London":["Succeeded"]},"metadata":{"flowSystemMetadata":{"swaggerOperationId":"SendReply"}},"type":"ApiConnection","inputs":{"host":{"connection":{"name":"@parameters('$connections')['shared_bizzy']['connectionId']"},"api":{"runtimeUrl":"https://flow-apim-msmanaged-na-westus2-01.azure-apim.net/apim/bizzy"}},"method":"post","body":{"message":"Great! I've found the following @{variables('Printer Type')} printers you can use.","activityJson":"@triggerBody()?['replyActivity']"},"path":"/api/triggers/bot/reply","authentication":"@parameters('$authentication')"},"description":"This step tees up the user to be ready for the responses it will get."},"Send_reply:_London_Printer_1":{"runAfter":{"Send_reply:_London_floor_choice_confirmation":["Succeeded"]},"metadata":{"flowSystemMetadata":{"swaggerOperationId":"SendReply"}},"type":"ApiConnection","inputs":{"host":{"connection":{"name":"@parameters('$connections')['shared_bizzy']['connectionId']"},"api":{"runtimeUrl":"https://flow-apim-msmanaged-na-westus2-01.azure-apim.net/apim/bizzy"}},"method":"post","body":{"message":"L-Xerox WorkCentre 7545 2 is a @{variables('Printer Type')} printer on floor @{body('Get_choice_response_from_User:_which_floor_in_London')?['text']}.","activityJson":"@triggerBody()?['replyActivity']"},"path":"/api/triggers/bot/reply","authentication":"@parameters('$authentication')"},"description":"Requesting printers in the Headquarters office provides two responses. Each includes a reference to the printer type and floor they chose, though the printer names and number of printers doesn't change regardless of floor. (For demo simplicity.)"}}}},"default":{"actions":{"Send_reply:_don't_understand":{"runAfter":{},"metadata":{"flowSystemMetadata":{"swaggerOperationId":"SendReply"}},"type":"ApiConnection","inputs":{"host":{"connection":{"name":"@parameters('$connections')['shared_bizzy']['connectionId']"},"api":{"runtimeUrl":"https://flow-apim-msmanaged-na-westus2-01.azure-apim.net/apim/bizzy"}},"method":"post","body":{"message":"Sorry, that's not an office name I recognize. Please try requesting help again and we'll start over.","activityJson":"@triggerBody()?['replyActivity']"},"path":"/api/triggers/bot/reply","authentication":"@parameters('$authentication')"},"description":"This step informs the user the Skill is over. It's smart to include a step to close or cancel any trouble ticket that was opened since the user will be opening a new one if they try kicking this Skill off again."}}},"expression":"@body('Get_choice_response_from_User:_which_office')?['text']","type":"Switch","description":"The Office Location comes from the choice step above. We provide pre-written (not dynamic) example responses for printer options below. Each location has a different number to make it seem more real when testing."}},"outputs":{}},"connectionReferences":{"shared_bizzy":{"connectionName":"shared-bizzy-6cbe6223-9e0f-42f2-b2af-af715a35cd80","source":"Embedded","id":"/providers/Microsoft.PowerApps/apis/shared_bizzy","tier":"NotSpecified"},"shared_office365users":{"connectionName":"shared-office365user-c3152ffd-e006-4b48-a18e-0234610592ec","source":"Embedded","id":"/providers/Microsoft.PowerApps/apis/shared_office365users","tier":"NotSpecified"}},"flowFailureAlertSubscribed":false}}