{"name":"886b3d54-ed48-476c-a0cc-a03a18418adb","id":"/providers/Microsoft.Flow/flows/886b3d54-ed48-476c-a0cc-a03a18418adb","type":"Microsoft.Flow/flows","properties":{"apiId":"/providers/Microsoft.PowerApps/apis/shared_logicflows","displayName":"Ask HR: Request a day off","definition":{"metadata":{"workflowEntityId":null,"creator":{"id":"8c2a9d40-5de1-4d2d-b883-8423b103f9f7","type":"User","tenantId":"213b22cd-d6b7-48b3-bb23-decd68521256"},"provisioningMethod":"FromDefinition","failureAlertSubscription":true,"clientLastModifiedTime":"2019-05-07T20:18:01.9897667Z"},"$schema":"https://schema.management.azure.com/providers/Microsoft.Logic/schemas/2016-06-01/workflowdefinition.json#","contentVersion":"1.0.0.0","parameters":{"$connections":{"defaultValue":{},"type":"Object"},"$authentication":{"defaultValue":{},"type":"SecureObject"}},"triggers":{"When_a_registered_intent_is_used":{"metadata":{"flowSystemMetadata":{"swaggerOperationId":"WebHookRegistrationsVector_Post"}},"type":"ApiConnectionWebhook","inputs":{"host":{"connection":{"name":"@parameters('$connections')['shared_bizzy']['connectionId']"},"api":{"runtimeUrl":"https://flow-apim-msmanaged-na-westus2-01.azure-apim.net/apim/bizzy"}},"body":{"webHookUri":"@{listCallbackUrl()}","triggerDescription":"Request to use vacation or sick leave","triggerType":"Shared","intentVector":"a77446da-6cdf-4097-b44a-10de16ec3477"},"path":"/api/triggers/webhooks/registerVector","authentication":"@parameters('$authentication')"},"description":"This trigger requires a LUIS Intent Vector be set up in the AtBot Admin Portal for it to run. Documentation: https://admin.atbot.io/Docs/AI/LuisIntentVectors"}},"actions":{"Get_manager_(V2):_Pull_requesting_user's_manager_from_AAD":{"runAfter":{"Get_user_profile_(V2):_Pull_requesting_user's_data_from_AAD":["Succeeded"]},"metadata":{"flowSystemMetadata":{"swaggerOperationId":"Manager_V2"}},"type":"ApiConnection","inputs":{"host":{"connection":{"name":"@parameters('$connections')['shared_office365users']['connectionId']"},"api":{"runtimeUrl":"https://flow-apim-msmanaged-na-eastus2-01.azure-apim.net/apim/office365users"}},"method":"get","path":"/codeless/v1.0/users/@{encodeURIComponent(triggerBody()?['triggeredBy'])}/manager","authentication":"@parameters('$authentication')"},"description":"This step gets the requesting user's manager from Active Directory. This is required for later use because it's assumed the approval goes through the user's manager. If AAD lacks the manager, the bot's messages will not make sense."},"Get_user_profile_(V2):_Pull_requesting_user's_data_from_AAD":{"runAfter":{},"metadata":{"flowSystemMetadata":{"swaggerOperationId":"UserProfile_V2"}},"type":"ApiConnection","inputs":{"host":{"connection":{"name":"@parameters('$connections')['shared_office365users']['connectionId']"},"api":{"runtimeUrl":"https://flow-apim-msmanaged-na-eastus2-01.azure-apim.net/apim/office365users"}},"method":"get","path":"/codeless/v1.0/users/@{encodeURIComponent(triggerBody()?['triggeredBy'])}","authentication":"@parameters('$authentication')"},"description":"This step gets information about the requesting user from Active Directory, like their office location, manager, etc. if it's filled out in AAD."},"Send_reply:_farewell":{"runAfter":{"Delay:_response_reading_time":["Succeeded"]},"metadata":{"flowSystemMetadata":{"swaggerOperationId":"SendReply"}},"type":"ApiConnection","inputs":{"host":{"connection":{"name":"@parameters('$connections')['shared_bizzy']['connectionId']"},"api":{"runtimeUrl":"https://flow-apim-msmanaged-na-westus2-01.azure-apim.net/apim/bizzy"}},"method":"post","body":{"message":"You're all set, @{body('Get_user_profile_(V2):_Pull_requesting_user''s_data_from_AAD')?['givenName']}. Please let me know if you need anything else. Have a great day!","activityJson":"@triggerBody()?['replyActivity']"},"path":"/api/triggers/bot/reply","authentication":"@parameters('$authentication')"},"description":"Best practice suggestions to always include a close-out and farewell message after a Skill has completed. Including the user's first name (\"Given Name\") helps keep things personal (just don't over user it)."},"Condition:_is_vacation_time":{"actions":{"Set_variable:_vacation_time":{"runAfter":{},"type":"SetVariable","inputs":{"name":"Time Off Type","value":"vacation"},"description":"Since the entity \"VacationTime\" was not null, that means the user requested Vacation Time. This step sets the Time Off Type as vacation."}},"runAfter":{"Initialize_variable:_Time_Off_Type":["Succeeded"]},"else":{"actions":{"Condition:_is_sick_time":{"actions":{"Set_variable:_sick_time":{"runAfter":{},"type":"SetVariable","inputs":{"name":"Time Off Type","value":"sick"},"description":"Since the entity \"VacationTime\" was null but the entity \"SickTime\" was not, that means the user requested Sick Time. This step sets the Time Off Type as sick."}},"runAfter":{},"else":{"actions":{"Get_choice_response_from_User:_Clarify_Time_Off_Type":{"runAfter":{},"metadata":{"flowSystemMetadata":{"swaggerOperationId":"WebHookRegistrations_InputResponse_CHOICE"}},"type":"ApiConnectionWebhook","inputs":{"host":{"connection":{"name":"@parameters('$connections')['shared_bizzy']['connectionId']"},"api":{"runtimeUrl":"https://flow-apim-msmanaged-na-westus2-01.azure-apim.net/apim/bizzy"}},"body":{"webHookUri":"@{listCallbackUrl()}","message":"Which type of time off did you want to use for this request?","choices":"Sick time\nVacation time","activityJson":"@triggerBody()?['replyActivity']"},"path":"/api/triggers/webhooks/registerResponse_Choice","authentication":"@parameters('$authentication')"},"description":"Since the entities \"VacationTime\" and \"SickTime\" were both null, that means the user was vague on their verbiage. The bot needs to rectify the Time Off Type with this question."},"Switch":{"runAfter":{"Get_choice_response_from_User:_Clarify_Time_Off_Type":["Succeeded"]},"cases":{"Case:_Sick_Time":{"case":"Sick time","actions":{"Set_variable:_ambiguity_to_sick":{"runAfter":{},"type":"SetVariable","inputs":{"name":"Time Off Type","value":"sick"},"description":"If the user responded \"Sick time\" in the \"Get choice response\" step above, the Type Off Type is set to sick."}}},"Case_2:_Vacation_Time":{"case":"Vacation time","actions":{"Set_variable:_ambiguity_to_vacation":{"runAfter":{},"type":"SetVariable","inputs":{"name":"Time Off Type","value":"vacation"},"description":"If the user responded \"Vacationn time\" in the \"Get choice response\" step above, the Type Off Type is set to vacationn."}}}},"default":{"actions":{"Send_reply:_Didn't_understand":{"runAfter":{},"metadata":{"flowSystemMetadata":{"swaggerOperationId":"SendReply"}},"type":"ApiConnection","inputs":{"host":{"connection":{"name":"@parameters('$connections')['shared_bizzy']['connectionId']"},"api":{"runtimeUrl":"https://flow-apim-msmanaged-na-westus2-01.azure-apim.net/apim/bizzy"}},"method":"post","body":{"message":"Sorry, I'm confused. Could you try again, please?","activityJson":"@triggerBody()?['replyActivity']"},"path":"/api/triggers/bot/reply","authentication":"@parameters('$authentication')"},"description":"Although unlikely, the user could type in a response rather than click either of the provided buttons. In that case, this Skill is effectively canceled. Error handling would be included here in a production environment."}}},"expression":"@body('Get_choice_response_from_User:_Clarify_Time_Off_Type')?['text']","type":"Switch","description":"This step checks the user's response and sends to the correct case."}}},"expression":"@not(equals(triggerBody()?['SickTime'], ''))","type":"If","description":"This condition checks the time off type input coming from the user. Specifically, whether the entity \"SickTime\" (from LUIS) is null."}}},"expression":"@not(equals(triggerBody()?['VacationTime'], ''))","type":"If","description":"This condition checks the time off type input coming from the user. Specifically, whether the entity \"VacationTime\" (from LUIS) is null."},"Initialize_variable:_Time_Off_Type":{"runAfter":{"Get_manager_(V2):_Pull_requesting_user's_manager_from_AAD":["Succeeded"]},"type":"InitializeVariable","inputs":{"variables":[{"name":"Time Off Type","type":"String"}]},"description":"This variable makes it super easy to grab and use the time off type later on in the Skill."},"Delay:_response_reading_time":{"runAfter":{"Send_reply:_\"approval\"_confirmation":["Succeeded"]},"type":"Wait","inputs":{"interval":{"count":5,"unit":"Second"}},"description":"Do not overwhelm the user with multiple messages all at once. Give them some time to read first. This step provides some reading time."},"Send_reply:_\"approval\"_confirmation":{"runAfter":{"Delay:_\"approval\"_process":["Succeeded"]},"metadata":{"flowSystemMetadata":{"swaggerOperationId":"SendReply"}},"type":"ApiConnection","inputs":{"host":{"connection":{"name":"@parameters('$connections')['shared_bizzy']['connectionId']"},"api":{"runtimeUrl":"https://flow-apim-msmanaged-na-westus2-01.azure-apim.net/apim/bizzy"}},"method":"post","body":{"message":"Good news! @{body('Get_manager_(V2):_Pull_requesting_user''s_manager_from_AAD')?['givenName']} approved your @{variables('Time Off Type')} time request for @{formatDateTime(triggerBody()?['Date Range']?['startDateUtc'], 'D')} to @{formatDateTime(triggerBody()?['Date Range']?['endDateUtc'], 'D')}. I will deduct the number of hours from your time bank once you've used them.","activityJson":"@triggerBody()?['replyActivity']"},"path":"/api/triggers/bot/reply","authentication":"@parameters('$authentication')"},"description":"In this demo, the manager always \"approves\" the request. Note that the wording provides context. If this were real, it could take days for the manager to respond, so the confirmation message should include as much context as possible for the user."},"Delay:_\"approval\"_process":{"runAfter":{"Send_reply:_send_\"approval\"":["Succeeded"]},"type":"Wait","inputs":{"interval":{"count":10,"unit":"Second"}},"description":"This is where an actual approval process and connection to an HR information system could make the demo real. However, in this case, we include a short 10-second delay."},"Send_reply:_send_\"approval\"":{"runAfter":{"Condition:_is_vacation_time":["Succeeded"]},"metadata":{"flowSystemMetadata":{"swaggerOperationId":"SendReply"}},"type":"ApiConnection","inputs":{"host":{"connection":{"name":"@parameters('$connections')['shared_bizzy']['connectionId']"},"api":{"runtimeUrl":"https://flow-apim-msmanaged-na-westus2-01.azure-apim.net/apim/bizzy"}},"method":"post","body":{"message":"I'll send this @{variables('Time Off Type')} time request for @{formatDateTime(triggerBody()?['Date Range']?['startDateUtc'], 'D')} to @{formatDateTime(triggerBody()?['Date Range']?['endDateUtc'], 'D')} to your manager, @{body('Get_manager_(V2):_Pull_requesting_user''s_manager_from_AAD')?['displayName']}, right away. You'll hear back from me once your manager takes action. Talk to you soon!","activityJson":"@triggerBody()?['replyActivity']"},"path":"/api/triggers/bot/reply","authentication":"@parameters('$authentication')"},"description":"The bot sends confirmation of the request to the user and informs them that an approval is being route through their manager (including identifying the manger by name). Note that the Time Off Type variable is used as text in the sentence below."}},"outputs":{}},"connectionReferences":{"shared_office365users":{"connectionName":"shared-office365user-c3152ffd-e006-4b48-a18e-0234610592ec","source":"Embedded","id":"/providers/Microsoft.PowerApps/apis/shared_office365users","tier":"NotSpecified"},"shared_bizzy":{"connectionName":"shared-bizzy-6cbe6223-9e0f-42f2-b2af-af715a35cd80","source":"Embedded","id":"/providers/Microsoft.PowerApps/apis/shared_bizzy","tier":"NotSpecified"}},"flowFailureAlertSubscribed":false}}