{"name":"385f04fe-93f9-4b01-9c96-8a11a008a652","id":"/providers/Microsoft.Flow/flows/385f04fe-93f9-4b01-9c96-8a11a008a652","type":"Microsoft.Flow/flows","properties":{"apiId":"/providers/Microsoft.PowerApps/apis/shared_logicflows","displayName":"GoBot: Submit an expense","definition":{"metadata":{"workflowEntityId":null,"creator":{"id":"8c2a9d40-5de1-4d2d-b883-8423b103f9f7","type":"User","tenantId":"213b22cd-d6b7-48b3-bb23-decd68521256"},"provisioningMethod":"FromDefinition","failureAlertSubscription":true,"clientLastModifiedTime":"2019-05-02T17:14:57.1478417Z"},"$schema":"https://schema.management.azure.com/providers/Microsoft.Logic/schemas/2016-06-01/workflowdefinition.json#","contentVersion":"1.0.0.0","parameters":{"$connections":{"defaultValue":{},"type":"Object"},"$authentication":{"defaultValue":{},"type":"SecureObject"}},"triggers":{"When_a_registered_intent_is_used":{"metadata":{"flowSystemMetadata":{"swaggerOperationId":"WebHookRegistrationsVector_Post"}},"type":"ApiConnectionWebhook","inputs":{"host":{"connection":{"name":"@parameters('$connections')['shared_bizzy']['connectionId']"},"api":{"runtimeUrl":"https://flow-apim-msmanaged-na-westus2-01.azure-apim.net/apim/bizzy"}},"body":{"webHookUri":"@{listCallbackUrl()}","triggerDescription":"Submit a business expense with receipt","triggerType":"Shared","intentVector":"bce9e3cf-84c3-4bb5-8ecd-a6d4a5276249"},"path":"/api/triggers/webhooks/registerVector","authentication":"@parameters('$authentication')"},"description":"This trigger requires a LUIS Intent Vector be set up in the AtBot Admin Portal for it to run. Documentation: https://admin.atbot.io/Docs/AI/LuisIntentVectors"}},"actions":{"Get_response_from_User:_Upload_photo_of_receipt":{"runAfter":{"Send_reply:_confirm_receipt_of_request":["Succeeded"]},"metadata":{"flowSystemMetadata":{"swaggerOperationId":"WebHookRegistrations_InputResponse"}},"type":"ApiConnectionWebhook","inputs":{"host":{"connection":{"name":"@parameters('$connections')['shared_bizzy']['connectionId']"},"api":{"runtimeUrl":"https://flow-apim-msmanaged-na-westus2-01.azure-apim.net/apim/bizzy"}},"body":{"webHookUri":"@{listCallbackUrl()}","message":"One last thing: please upload a photo of the receipt by snapping a picture on your phone.","activityJson":"@triggerBody()?['replyActivity']"},"path":"/api/triggers/webhooks/registerResponse","authentication":"@parameters('$authentication')"},"description":"This step asks the user to submit a photo of the receipt as proof of purchase."},"Apply_to_each:_Upload_and_label_receipt_photo":{"foreach":"@body('Get_response_from_User:_Upload_photo_of_receipt')?['files']","actions":{"Create_file:_upload_receipt":{"runAfter":{},"metadata":{"flowSystemMetadata":{"swaggerOperationId":"CreateFile"}},"type":"ApiConnection","inputs":{"host":{"connection":{"name":"@parameters('$connections')['shared_sharepointonline']['connectionId']"},"api":{"runtimeUrl":"https://flow-apim-msmanaged-na-northcentralus-01.azure-apim.net/apim/sharepointonline"}},"method":"post","body":"@base64ToBinary(items('Apply_to_each:_Upload_and_label_receipt_photo')?['bytes'])","path":"/datasets/@{encodeURIComponent(encodeURIComponent('https://mobileentree.sharepoint.com/sites/Demos'))}/files","queries":{"folderPath":"/Expenses","name":"@{ticks(utcNow())}.png","queryParametersSingleEncoded":true},"authentication":"@parameters('$authentication')"},"description":"This step uploads the photo to an existing SharePoint library. The library requires certain columns/metadata to work correctly. This step can be replaced by connecting to any other file/database service."},"Update_file_properties:_apply_metadata_to_receipt":{"runAfter":{"Create_file:_upload_receipt":["Succeeded"]},"metadata":{"flowSystemMetadata":{"swaggerOperationId":"PatchFileItem"}},"type":"ApiConnection","inputs":{"host":{"connection":{"name":"@parameters('$connections')['shared_sharepointonline']['connectionId']"},"api":{"runtimeUrl":"https://flow-apim-msmanaged-na-northcentralus-01.azure-apim.net/apim/sharepointonline"}},"method":"patch","body":{"Title":"@triggerBody()?['Expense item']","Date":"@triggerBody()?['Expense date']?['dateUtc']","Cost":"@variables('Expense cost')"},"path":"/datasets/@{encodeURIComponent(encodeURIComponent('https://mobileentree.sharepoint.com/sites/Demos'))}/tables/@{encodeURIComponent(encodeURIComponent('3a8f0adc-a579-430f-bcc4-404bd60f2b62'))}/items/@{encodeURIComponent(body('Create_file:_upload_receipt')?['ItemId'])}/patchfileitem","authentication":"@parameters('$authentication')"},"description":"The file upload step cannot set values to the metadata, so this step does. It applies the expense item (description), the cost, and the date. Uploader is automatically applied."}},"runAfter":{"Get_response_from_User:_Upload_photo_of_receipt":["Succeeded"]},"type":"Foreach"},"Initialize_variable:_expense_cost":{"runAfter":{"Get_user_profile:_Pull_requesting_user's_data_from_AAD":["Succeeded"]},"type":"InitializeVariable","inputs":{"variables":[{"name":"Expense cost","type":"String"}]},"description":"This variable helps keep the value of the expense formatted correctly later on."},"Send_reply:_Received":{"runAfter":{"Apply_to_each:_Upload_and_label_receipt_photo":["Succeeded"]},"metadata":{"flowSystemMetadata":{"swaggerOperationId":"SendReply"}},"type":"ApiConnection","inputs":{"host":{"connection":{"name":"@parameters('$connections')['shared_bizzy']['connectionId']"},"api":{"runtimeUrl":"https://flow-apim-msmanaged-na-westus2-01.azure-apim.net/apim/bizzy"}},"method":"post","body":{"message":"Got it, thanks @{body('Get_user_profile:_Pull_requesting_user''s_data_from_AAD')?['givenName']}.","activityJson":"@triggerBody()?['replyActivity']"},"path":"/api/triggers/bot/reply","authentication":"@parameters('$authentication')"},"description":"This is confirmation to the user that the photo was accepted. For simplicity, this comes after the upload so it won't show if the upload fails. Easily changed, though."},"Send_reply:_Confirmation":{"runAfter":{"Send_reply:_Received":["Succeeded"]},"metadata":{"flowSystemMetadata":{"swaggerOperationId":"SendReply"}},"type":"ApiConnection","inputs":{"host":{"connection":{"name":"@parameters('$connections')['shared_bizzy']['connectionId']"},"api":{"runtimeUrl":"https://flow-apim-msmanaged-na-westus2-01.azure-apim.net/apim/bizzy"}},"method":"post","body":{"message":"Alright, I finished uploading your receipt. If you need to access it later, it's <a href=\"https://mobileentree.sharepoint.com/sites/Demos/Expenses\">here</a>.","activityJson":"@triggerBody()?['replyActivity']"},"path":"/api/triggers/bot/reply","authentication":"@parameters('$authentication')"},"description":"This sends a confirmation to the requestor that the file was uploaded, with a link to see it later. After this step would be a good spot to include any sort of necessary approval."},"Send_reply:_Farewell":{"runAfter":{"Send_reply:_Confirmation":["Succeeded"]},"metadata":{"flowSystemMetadata":{"swaggerOperationId":"SendReply"}},"type":"ApiConnection","inputs":{"host":{"connection":{"name":"@parameters('$connections')['shared_bizzy']['connectionId']"},"api":{"runtimeUrl":"https://flow-apim-msmanaged-na-westus2-01.azure-apim.net/apim/bizzy"}},"method":"post","body":{"message":"If you need anything else, don't hesitate to let me know. Have a good day @{body('Get_user_profile:_Pull_requesting_user''s_data_from_AAD')?['givenName']}!","activityJson":"@triggerBody()?['replyActivity']"},"path":"/api/triggers/bot/reply","authentication":"@parameters('$authentication')"},"description":"Best practice suggests finish an operation with a thank you and best wishes, hence this last step."},"Set_variable:_expense_cost":{"runAfter":{"Initialize_variable:_expense_cost":["Succeeded"]},"type":"SetVariable","inputs":{"name":"Expense cost","value":"@triggerBody()?['Expense cost']?['value']"},"description":"This step assigns the variable the value of the cost that was passed from the LUIS Intent Vector."},"Send_reply:_confirm_receipt_of_request":{"runAfter":{"Set_variable:_expense_cost":["Succeeded"]},"metadata":{"flowSystemMetadata":{"swaggerOperationId":"SendReply"}},"type":"ApiConnection","inputs":{"host":{"connection":{"name":"@parameters('$connections')['shared_bizzy']['connectionId']"},"api":{"runtimeUrl":"https://flow-apim-msmanaged-na-westus2-01.azure-apim.net/apim/bizzy"}},"method":"post","body":{"message":"Thanks @{body('Get_user_profile:_Pull_requesting_user''s_data_from_AAD')?['givenName']}. I've filed your expense as \"@{triggerBody()?['Expense item']}\" and you're requesting reimbursment for $@{triggerBody()?['Expense cost']?['value']}.","activityJson":"@triggerBody()?['replyActivity']"},"path":"/api/triggers/bot/reply","authentication":"@parameters('$authentication')"},"description":"This step confirms with the user what they purchased and how much they're requesting reimbursement."},"Get_user_profile:_Pull_requesting_user's_data_from_AAD":{"runAfter":{},"metadata":{"flowSystemMetadata":{"swaggerOperationId":"UserProfile_V2"}},"type":"ApiConnection","inputs":{"host":{"connection":{"name":"@parameters('$connections')['shared_office365users']['connectionId']"},"api":{"runtimeUrl":"https://flow-apim-msmanaged-na-eastus2-01.azure-apim.net/apim/office365users"}},"method":"get","path":"/codeless/v1.0/users/@{encodeURIComponent(triggerBody()?['triggeredBy'])}","authentication":"@parameters('$authentication')"},"description":"This step gets information about the requesting user from Active Directory, like their office location, manager, etc. if it's filled out in AAD."}},"outputs":{}},"connectionReferences":{"shared_bizzy":{"connectionName":"shared-bizzy-6cbe6223-9e0f-42f2-b2af-af715a35cd80","source":"Embedded","id":"/providers/Microsoft.PowerApps/apis/shared_bizzy","tier":"NotSpecified"},"shared_sharepointonline":{"connectionName":"9a034d23333b765415872e2b3daf4274","source":"Embedded","id":"/providers/Microsoft.PowerApps/apis/shared_sharepointonline","tier":"NotSpecified"},"shared_office365users":{"connectionName":"shared-office365user-c3152ffd-e006-4b48-a18e-0234610592ec","source":"Embedded","id":"/providers/Microsoft.PowerApps/apis/shared_office365users","tier":"NotSpecified"}},"flowFailureAlertSubscribed":false}}